Wetlands name,State,ID,Species,Species normalized,Area,lat,lon,Groundwater recharge,Groundwater depth,Evaporation,Discharge,Salinity,BOD,bod,TP,ec,NOXN
Coongie Lakes,SA,1,751,0.037929293,19800,-27.33333333,140,8.37E-26,9.2231,0.18758,0.0255722,1.00E+31,1.00E+31,1.364228744,0.203040333,419.9492411,0.356447867
Big Swamp,SA,3,18,9,2,-34.65,135.7,0.000378069,93.6216,0.370491,0.38024,1.00E+31,1.00E+31,1.466167639,0.115127982,304.6796374,0.57886639
Lake Hamilton,SA,4,22,1.1,20,-34.03333333,135.3,6.53E-05,13.0528,0.375424,1.55163,1.00E+31,1.00E+31,1.585180889,0.146043011,403.1053266,0.534511528
Lake Newland,SA,5,35,0.414299242,84.48,-33.4,134.8666667,1.99E-05,24.2459,0.310847,0.13806,1.00E+31,1.00E+31,1.329412239,0.180435024,593.8183194,0.384515678
Tod River Wetland ,SA,6,639,3.008474576,212.4,-34.45,135.8666667,0.000133098,143.605,0.386939,0.665083,1.00E+31,1.00E+31,1.451133876,0.157865083,497.139379,0.514843963
Birchmore Lagoon,SA,7,23,15.33333333,1.5,-35.8,137.4833333,8.30E-11,57.7447,0.599189,0,1.00E+31,1.00E+31,1.528854693,0.119896935,352.9035735,0.542265687
Flinders Chase River Systems,SA,9,831,2.054388133,404.5,-35.94972222,136.7372222,0.00010345,96.1306,0.642351,2.8261,1.00E+31,1.00E+31,0.849320818,0.090514967,89.38818232,0.341386842
Lake Ada,SA,10,170,17.10261569,9.94,-35.93333333,137.3333333,0.000748128,18.878,0.31336,0.623026,1.00E+31,1.00E+31,1.062787787,0.075374853,196.9643301,0.379827343
Murray Lagoon,SA,11,417,18.95454545,22,-35.91666667,137.4,0.000748128,19.3309,0.31336,0.623026,1.00E+31,1.00E+31,1.00E+31,1.00E+31,1.00E+31,1.00E+31
Tookayerta & Finniss Catchments,SA,12,199,66.33333333,3,-35.38333333,138.7333333,4.75E-06,79.999,0.649981,0.163392,1.00E+31,1.00E+31,1.843042722,0.200876566,491.3330319,0.768450665
Waidrowski Lagoon,SA,13,83,15.66037736,5.3,-35.83333333,137.6166667,0.000510234,34.2355,0.341763,1.78878,1.00E+31,1.00E+31,1.00E+31,1.00E+31,1.00E+31,1.00E+31
White Lagoon Wetland,SA,14,13,1.733333333,7.5,-35.83333333,137.5166667,0.000686415,34.0167,0.288712,3.65522,1.00E+31,1.00E+31,1.00E+31,1.00E+31,1.00E+31,1.00E+31
Banrock Swamp Wetland,SA,15,104,8.524590164,12.2,-34.18333333,140.3333333,-5.64E-06,31.3966,0.445477,725.122,749.59,0.0596395,1.552346532,0.211727084,669.4193564,0.525844435
Gurra Lakes,SA,16,59,8.939393939,6.6,-34.28333333,140.6333333,-9.03E-06,12.6003,0.557348,726.611,312.604,0.0712543,1.00E+31,1.00E+31,1.00E+31,1.00E+31
Irwin flat,SA,17,11,22,0.5,-34.23333333,139.65,6.44E-07,24.53,0.565892,724.07,108.048,0.0190637,1.664079664,0.20036666,679.4662994,0.539860027
Loch Luna Wetland,SA,18,21,1.076923077,19.5,-34.2,140.3666667,-5.64E-06,10.9343,0.445477,725.122,749.59,0.0596395,1.00E+31,1.00E+31,1.00E+31,1.00E+31
Loveday Swamps,SA,19,62,12.94363257,4.79,-34.28333333,140.4,-1.30E-05,16.2594,0.569247,725.508,1108.68,0.052832,1.00E+31,1.00E+31,1.00E+31,1.00E+31
Lower Murray Swamps,SA,20,153,98.70967742,1.55,-35.1,139.3,2.07E-05,22.0993,0.605062,718.106,213,0.555782,2.187586312,0.179000244,448.9052619,0.700400164
Marne River Mouth,SA,21,13,32.5,0.4,-34.7,139.5666667,7.72E-06,42.1486,0.553614,721.041,1435.01,0.075775,1.910163502,0.158943501,481.1899943,0.618648333
Noora Evaporation Lakes,SA,22,18,3.6,5,-34.38333333,140.8666667,9.83E-08,8.16656,0.230797,0.165725,1.00E+31,1.00E+31,1.557335999,0.205106234,633.915618,0.507541042
Pike-Mundic Wetland,SA,23,67,1,67,-34.23333333,140.7833333,3.44E-06,13.2042,0.262272,0.205199,1.00E+31,1.00E+31,2.121435773,0.316753834,510.3480049,0.881274276
Riverland Wetland,SA,24,740,2415.143603,0.3064,-34.03333333,140.8333333,2.22E-06,6.93317,0.549412,729.656,1.00E+31,1.00E+31,1.288657209,0.228179664,630.2685781,0.475939368
Spectacle Lakes,SA,25,100,23.41920375,4.27,-34.36666667,140.4333333,2.22E-07,17.2504,0.577885,726.022,673.997,0.0705025,1.00E+31,1.00E+31,1.00E+31,1.00E+31
Swan Reach Wetland,SA,26,69,27.6,2.5,-34.53333333,139.6,9.62E-07,27.5672,0.528087,721.999,171.766,0.0204373,2.070307905,0.204436612,564.0635579,0.715914126
Butchers & Salt Lakes,SA,27,15,37.5,0.4,-36.88333333,139.8,1.00E+31,1.10033,1.00E+31,1.00E+31,1.00E+31,1.00E+31,1.00E+31,1.00E+31,1.00E+31,1.00E+31
Deadmans Swamp,SA,28,316,57.98165138,5.45,-37.16666667,140.85,8.28E-06,15.5323,0.638725,0.0522144,1.00E+31,1.00E+31,1.317074982,0.161036072,378.4123496,0.604341017
Ewens Ponds,SA,29,31,6200,0.005,-38.01666667,140.8166667,8.13E-08,4.65202,0.725093,1.32E-05,1.00E+31,1.00E+31,1.00E+31,1.00E+31,1.00E+31,1.00E+31
Honans Scrub,SA,30,401,47.62470309,8.42,-37.73333333,140.6333333,0.000447851,21.7893,0.594377,0.356524,1.00E+31,1.00E+31,1.166387228,0.111806958,224.4524433,0.595752228
Lake Frome & Mullins Swamp,SA,31,106,3.2960199,32.16,-37.56666667,140.1833333,0.000155618,7.47815,0.667806,0.118709,1.00E+31,1.00E+31,1.406494243,0.156391559,442.840107,0.506113238
Marshes Swamp,SA,32,372,55.93984962,6.65,-37.6,140.5333333,0.00106802,34.3925,0.3635,0.850794,1.00E+31,1.00E+31,1.00E+31,1.00E+31,1.00E+31,1.00E+31
Naen Naen Swamp & Gum Lagoon,SA,33,26,7.76119403,3.35,-36.26666667,140.0333333,8.43E-05,11.3356,0.454056,0.0552619,1.00E+31,1.00E+31,1.6930741,0.163729942,447.2330523,0.557515619
Piccaninnie Ponds,SA,34,261,87,3,-38.05,140.95,0.000725975,7.05699,0.443558,0.630166,1.00E+31,1.00E+31,1.00E+31,1.00E+31,1.00E+31,1.00E+31
Poocher & Mundulla Swamps,SA,35,65,21.66666667,3,-36.35,140.6833333,8.25E-06,7.37581,0.456173,0.00331027,1.00E+31,1.00E+31,1.588155196,0.149460908,359.5290449,0.517003295
South East Coastal Salt Lakes,SA,36,268,0.194988504,1374.44,-37.33333333,139.9166667,0.00083739,10.9962,0.614235,4.06862,1.00E+31,1.00E+31,1.00E+31,1.00E+31,1.00E+31,1.00E+31
"The Coorong, Lake Alexandrina & Lake Albert",SA,37,1115,0.793594306,1405,-35.66666667,139.0833333,1.00E+31,0,1.00E+31,1.00E+31,1.00E+31,1.00E+31,1.540756493,0.108008947,269.7532891,0.517053101
Watervalley Wetlands,SA,38,174,3.074204947,56.6,-36.46666667,140.1833333,0.000281548,11.4042,0.36612,0.248582,1.00E+31,1.00E+31,1.272200673,0.147799656,433.9321247,0.496329704
Inland Saline Lakes,SA,39,386,0.046562123,8290,-31,138,1.56E-07,2.898695,0.186796,0.206049035,1.00E+31,1.00E+31,1.387080408,0.210200098,711.5046467,0.419255595
Lake Eyre,SA,40,273,0.028173375,9690,-28.46666667,138.6166667,3.19E-08,21.92535,0.15311,0.2431995,1.00E+31,1.00E+31,1.323249758,0.21315403,463.0253529,0.370727152
Dalhousie Springs,SA,41,60,0.315789474,190,-26.18333333,135.4,0,67.4535,0.185732,0,1.00E+31,1.00E+31,1.324340837,0.215513355,571.6798963,0.395844199
Daly River Middle Reaches,NT,43,19,1.151515152,16.5,-13.76666667,130.7,0.000796301,17.2033,1.07162,146.243065,92.52475,0.000183306,1.167134505,0.156454785,180.1397121,0.260952414
Karinga Creek Palaeodrainage System,NT,44,29,0.096666667,300,-25.21666667,132,-4.66E-09,13.29896,0.2621795,0.247710605,1.00E+31,1.00E+31,1.260520117,0.189812486,528.6690074,0.361995603
Lake Amadeus,NT,45,13,0.012536162,1037,-24.46666667,130.4833333,4.38E-06,18.54515,0.2914595,0.024444844,1.00E+31,1.00E+31,1.27020106,0.213094549,434.692161,0.385234107
Borroloola Bluebush Swamps,NT,46,2,2.222222222,0.9,-16.05,136.275,0.00037547,17.159,0.7696795,36.4514,116.836,0.004402975,1.050784502,0.140840439,151.8500112,0.249383404
Corella Lake,NT,47,20,0.133333333,150,-18.63055556,135.5972222,-1.36E-06,0.929704,0.485574,0.0243234,131.485,0.0195058,1.25859492,0.147186372,375.9800084,0.26723672
Eva Downs Swamp,NT,48,35,0.205882353,170,-18.1,134.7666667,1.81E-05,0.601142,0.517364,0.0339837,95.3278,0.00398564,1.275096259,0.155932371,383.7502573,0.272332094
Lake de Burgh,NT,49,37,0.105714286,350,-18.9,135.55,7.26E-06,0.667228,0.404609,0.191015,1.00E+31,1.00E+31,1.313238282,0.169972756,434.2900278,0.337256237
Lake Sylvester,NT,50,66,0.16097561,410,-18.83333333,135.6666667,-1.18E-06,1.13595,0.497973,2.81972,132.32,0.00713518,1.329389749,0.169796229,491.5197344,0.343006152
Lake Woods,NT,51,97,1.905697446,50.9,-17.58333333,133.4166667,1.11E-05,17.09165,0.561977,0.0188313,1.00E+31,1.00E+31,1.271383028,0.153397115,360.193198,0.271828806
Tarrabool Lake,NT,52,46,0.020909091,2200,-18.41666667,134.9166667,1.11E-05,0.556741,0.523041,0.135196,128.391,0.0025693,1.299958391,0.159296923,389.0181819,0.321884435
Birrindudu Waterhole,NT,53,30,0.157894737,190,-18.46388889,129.6,1.90E-05,21.978725,0.678981,2.28285,137.9435,0.000707255,1.273700216,0.150774186,356.9349857,0.281204029
Nongra Lake,NT,54,26,0.433333333,60,-18.19722222,129.75,2.10E-05,43.7702,0.671454,0.315091,132.463,9.84E-05,1.303225962,0.169688465,468.5547081,0.279056035
Kakadu National Park,NT,55,1409,0.102402721,13759.4,-12.5,132.5,0.00104078,4.44356,1.21411,0.922588,80.2649,0.00328033,1.038796765,0.193913014,114.4464372,0.256612056
Katherine River Gorge,NT,56,8,5.333333333,1.5,-14.31666667,132.45,0.000885835,37.7513,0.97241,68.8684,103.653,8.18E-05,1.202601724,0.161019183,247.0033143,0.256544092
Lake Surprise (Yinapaka),NT,57,53,6.625,8,-20.2,131.75,1.35E-05,7.02025,0.463002,10.2692,1.00E+31,1.00E+31,1.286789783,0.183570249,391.1868119,0.334424706
Adelaide River Floodplain System,NT,58,706,0.523738872,1348,-12.16666667,131.1666667,0.00100099,16.0579,1.26535,0.979679,81.6976,0.0106672,1.009420746,0.144720864,123.1696126,0.289857837
Arafura Swamp,NT,59,743,1.040616246,714,-12.38333333,134.7166667,0.001018862,14.1077,1.12785,22.05747,88.385,0.000747337,1.001364531,0.133453526,118.2448517,0.261267561
Blyth—Cadell Floodplain and Boucaut Bay System,NT,60,101,0.284507042,355,-12,134.3333333,0.000781348,9.67074,1.14144,47.5565,72.0537,0.000272747,0.97835755,0.146612145,134.1738379,0.269440213
Cobourg Peninsula System,NT,61,508,0.604761905,840,-11.11666667,131.75,0.000886388,12.3688,1.14269,0.880463,87.0458,0.00556196,0.953509499,0.164397237,94.56642812,0.25858671
Daly—Reynolds Floodplain—Estuary System,NT,62,333,0.209039548,1593,-13.1,130.1166667,0.000932086,49.083845,1.10266,3.32868,83.369,0.011322,1.272349811,0.19177087,130.4982057,0.290747815
Finniss Floodplain and Fog Bay System,NT,63,414,0.509225092,813,-12.73333333,130.15,0.00137888,3.130725,1.18603,1.44099,78.4573,0,0.947387541,0.14413431,91.98996374,0.259214437
Mary Floodplain System,NT,64,518,0.405956113,1276,-12.2,131.5166667,0.000967807,27.385,1.21471,1.19021,79.8249,0.00240122,0.981765062,0.111855142,80.07323137,0.228970589
Moyle Floodplain and Hyland Bay System,NT,65,154,0.32016632,481,-13.88333333,129.5833333,0.000812476,3.98281,1.09628,0.857599,1.00E+31,1.00E+31,1.29854702,0.174972798,193.8510051,0.345889231
Murgenella-Cooper Floodplain System,NT,66,238,0.29202454,815,-11.6,132.5666667,0.000983185,20.45372,1.16943,18.5741,85.2422,0.00322307,1.056073703,0.214884141,128.9366617,0.290566424
Legune Wetlands,NT,67,26,0.288888889,90,-15.26388889,129.3805556,0.000228371,5.63094,1.10178,0.613761,1.00E+31,1.00E+31,1.143116046,0.187625543,213.9468686,0.278867856
Mount Bundey Training Area —Mary River Floodplain,NT,68,4,0.003809524,1050,-13.2,131.1833333,0.000699744,4.60237,1.15933,7.36336,81.8036,0.0028296,1.068444954,0.135781827,113.7112356,0.259732601
Blue Lake (Kosciuszko),NSW,69,118,842.8571429,0.14,-36.4,148.3166667,0.000460465,498.344,0.805541,1.87439,1.00E+31,1.00E+31,1.00E+31,1.00E+31,1.00E+31,1.00E+31
"Kosciusko Alpine Fens, Bogs and Lakes",NSW,70,2,6.666666667,0.3,-36.26666667,148.1666667,6.08E-05,278.486,0.99235,0.110304,1.00E+31,1.00E+31,1.02367792,0.086597208,165.1166554,0.260818931
Bulloo Overflow/Carypundy Swamp,NSW,71,39,0.021841398,1785.6,-29,142.2833333,5.53E-06,8.773815,0.213284,0.006501068,1.00E+31,1.00E+31,1.432814244,0.277257734,867.1947135,0.491760414
Salisbury Lake (Lake Altibouka),NSW,72,3,0.530973451,5.65,-29.81666667,142.75,-3.08E-12,4.31978,0.229158,0.000875946,1.00E+31,1.00E+31,1.449158154,0.308705573,857.7299758,0.539064424
Gwydir Wetlands,NSW,73,349,0.341754798,1021.2,-29.1,149.2666667,0.000997776,44.88527,1.148267,22.270125,30.9251,0.149809,1.00E+31,1.00E+31,1.00E+31,1.00E+31
Macquarie Marshes,NSW,74,680,0.34,2000,-30.5,147.4666667,6.45E-06,7.511205,0.4184335,0.1000199,1.00E+31,1.00E+31,1.780879086,0.167384443,741.7812488,0.540727012
Menindee Lakes,NSW,75,219,0.486666667,450,-32.16666667,142.1666667,2.18E-06,12.916045,0.384287,258.583,1.00E+31,1.00E+31,1.487706971,0.230294091,890.806181,0.519881279
Narran Lakes,NSW,76,324,1.08,300,-29.68333333,147.2833333,3.93E-06,8.653545,0.4014535,0.065295181,1.00E+31,1.00E+31,1.691770097,0.177222777,857.1707953,0.538144082
Paroo River Distributary Channels,NSW,77,239,0.033194444,7200,-29.5,143.4666667,-4.27E-11,32.69145,0.258767,9.43E-06,1.00E+31,1.00E+31,1.43367244,0.337008842,806.3316703,0.495497686
Yantabulla Swamp (Cuttaburra Basin),NSW,78,261,0.701612903,372,-29.25,144.85,-2.79E-09,4.23448,0.286847,0.230323,1.00E+31,1.00E+31,1.457030437,0.328135716,823.4155667,0.535520759
Darling Anabranch Lakes,NSW,79,106,0.039405204,2690,-33.03333333,141.5833333,-8.65E-11,20.422755,0.259916,0.008290508,1.00E+31,1.00E+31,1.453087669,0.229498939,838.7218677,0.488062665
Lowbidgee Floodplain,NSW,80,76,0.038,2000,-34.4,143.6333333,7.08E-06,189.83241,0.276018,0.050712705,1.00E+31,1.00E+31,1.708527262,0.207993603,821.8486524,0.556729951
Little Llangothlin Lagoon,NSW,81,7,2.713178295,2.58,-30.08333333,151.7833333,2.77E-07,26.6017,0.853679,0.00996448,1.00E+31,1.00E+31,1.147962555,0.080197183,249.7092002,0.348497279
New England Wetlands,NSW,82,63,210,0.3,-30.03333333,151.4666667,9.23E-05,191.95805,0.7277965,0.209442375,1.00E+31,1.00E+31,1.624348845,0.095997605,409.2378604,0.421711997
Round Mountain Swamps,NSW,83,79,26.33333333,3,-30.43333333,152.25,1.53E-05,78.955,1.04396,0.0145495,1.00E+31,1.00E+31,0.8724355,0.089007218,186.3956082,0.327356226
Barrington Tops Swamps,NSW,84,9,0.6,15,-32,151.3666667,2.22E-05,239.13995,1.0079455,0.05975005,1.00E+31,1.00E+31,1.392754643,0.094276692,324.0646866,0.435972824
Upper Coldstream,NSW,85,211,10.5764411,19.95,-29.65,153.0666667,0.000146335,2.73973,1.207955,33.0422863,1.00E+31,1.00E+31,1.103911096,0.083697362,136.431349,0.447339908
Lake Cowal/Wilbertroy Wetlands,NSW,86,217,1.058536585,205,-33.46666667,147.35,1.82E-05,6.42158,0.4314075,8.00092,248.5376,2.550404,1.995022058,0.165346842,583.2230353,0.623213482
Tomneys Plain,NSW,87,10,11.11111111,0.9,-35.73333333,148.25,8.68E-05,100.573,1.04297,4.77782,1.0162,0.000059138,1.506515809,0.09117078,263.6326455,0.402149566
Black Swamp and Coopers Swamp,NSW,88,47,13.42857143,3.5,-35.05,145.75,1.32E-05,3.91904,0.409415,0.014614305,1.00E+31,1.00E+31,2.180631208,0.19521575,644.6882853,0.68742479
Great Cumbung Swam,NSW,89,158,0.9875,160,-34.21666667,143.9166667,7.06E-06,5.28323,0.325134,18.81449005,486.346,0.0436779,1.598657719,0.172289091,674.2969289,0.460211387
Koondrook and Perricoota Forests,NSW,90,435,1.3964687,311.5,-35.53333333,144.1333333,0.000016228,2.35516,0.378907,96.2820305,64.6497,0.250151,1.00E+31,1.00E+31,1.00E+31,1.00E+31
Lachlan Swamp,NSW,91,270,4.090909091,66,-34.03333333,144.4166667,2.65E-05,2.56154,0.305181,2.881545,3370.13,0.481461,1.681928112,0.177101811,687.6324396,0.502393307
Lake Brewster,NSW,92,91,1.482084691,61.4,-33.46666667,145.9666667,2.96E-06,12.1057,0.436426,0.0754999,1.00E+31,1.00E+31,1.829947765,0.2047572,956.3725133,0.621595043
Lake Merrimajeel/Murrumbidgil Swamp,NSW,93,130,43.33333333,3,-33.81666667,144.85,5.18E-05,2.64122,0.312987,0.0397634,1.00E+31,1.00E+31,1.705703482,0.241083662,825.6262153,0.594309387
Merrowie Creek (Cuba Dam to Chillichil Swamp),NSW,94,119,4.76,25,-34.16666667,143.9,6.94E-07,3.27837,0.2624475,0.0176469,1.00E+31,1.00E+31,1.704101953,0.256009668,981.6590001,0.558737413
Millewa Forest,NSW,95,766,2.277321917,336.36,-35.58333333,144.8833333,0.000134211,3.437035,0.479194,0.105198065,1.00E+31,1.00E+31,2.050520919,0.193041982,633.1317394,0.627093849
Werai Forest,NSW,96,310,2.75948015,112.34,-35.25,144.35,1.70E-05,6.11792,0.3484605,0.9357674,641.865,0.557648,1.927422499,0.168011486,539.180357,0.596045052
The Salt Lake,NSW,97,26,0.447042641,58.16,-30.03333333,142.0833333,2.01E-20,19.2724,0.1935085,0,1.00E+31,1.00E+31,1.351027264,0.206065892,605.5702476,0.425430214
Bega Swamp,NSW,98,40,173.9130435,0.23,-36.525,149.5083333,1.19E-05,251.141,0.774557,0.0493092,1.00E+31,1.00E+31,1.00E+31,1.00E+31,1.00E+31,1.00E+31
Big Badja Swamp,NSW,99,1,0.943396226,1.06,-36.05,149.5333333,0.00077454,139.294,0.492741,0.810012,1.00E+31,1.00E+31,0.735805613,0.064383471,235.9998329,0.29180674
Lake Bathurst,NSW,100,54,4,13.5,-35.01666667,149.6666667,4.81E-08,26.80325,0.655952,0.00115971,1.00E+31,1.00E+31,1.319157314,0.082004237,281.3734661,0.449623347
Lake George,NSW,101,184,1.226666667,150,-35.21666667,149.3666667,1.08E-05,36.1625,0.6707115,0.015675285,1.00E+31,1.00E+31,1.994433368,0.134853775,343.7251245,0.632513575
Micalong Swamp,NSW,102,48,9.125475285,5.26,-35.33333333,148.5166667,8.34E-06,147.492,0.848944,0.0185718,1.00E+31,1.00E+31,1.872526434,0.102648763,341.766821,0.56322229
Monaro Lakes,NSW,103,146,67.90697674,2.15,-36,148,0.000637929,45.3518,0.633708,3.253655,4.18769,0.990826,1.421352028,0.113937567,293.2981556,0.3916147
Yaouk Swamp,NSW,104,124,221.4285714,0.56,-35.81666667,148.8333333,3.31E-05,93.9987,0.906152,0.0511348,1.00E+31,1.00E+31,0.81976648,0.08962369,169.9173134,0.280700007
Botany Wetlands,NSW,105,26,40.625,0.64,-33.93333333,151.2166667,0.0019873,12.86,0.294859,1.64489,1.00E+31,1.00E+31,1.098079528,0.085431101,131.8601644,0.736374491
Longneck Lagoon,NSW,106,111,462.5,0.24,-33.56666667,150.8833333,0.00048518,17.7318,0.671079,13.9182,955.245,3.3484,0.908802902,0.087165347,212.0311112,0.312546816
O’Hares Creek Catchment,NSW,107,2,0.022222222,90,-34.11666667,150.8166667,0.00010075,25.42355,0.869202,1.20236,1.00E+31,67.6454,1.223370272,0.139248014,151.5232007,0.662663109
Pitt Town Lagoon,NSW,108,31,75.6097561,0.41,-33.6,150.85,0.000156368,15.3038,0.829476,0.974134,1830.84,112.017,1.45586011,0.119216098,360.6362772,0.559006213
Thirlmere Lakes,NSW,109,121,242,0.5,-34.23333333,150.5333333,5.00E-05,45.084,0.882093,0.0380212,1.00E+31,1.00E+31,0.761288849,0.069113477,180.914778,0.376751887
Wingecarribee Swamp,NSW,110,22,3.183791606,6.91,-34.06666667,150.5,3.46E-05,178.072,0.880756,0.0328179,1.00E+31,1.00E+31,1.352124093,0.114240866,249.7393917,0.523180396
Mullawoolka Basin,NSW,111,18,0.888450148,20.26,-30.51666667,143.8333333,-3.51E-13,6.29818,0.227878,1.95E-06,1.00E+31,1.00E+31,1.00E+31,1.00E+31,1.00E+31,1.00E+31
Poloko Lake (Olepoloko Lake),NSW,112,49,1.316496507,37.22,-30.73333333,143.6666667,-5.62E-13,9.50467,0.231499,0.159506,1.00E+31,1.00E+31,1.558850091,0.281623584,929.6085542,0.559202448
Tongo Lak,NSW,113,1,0.190839695,5.24,-30.45,143.75,-7.31E-12,4.6891,0.248483,0.17924,1.00E+31,1.00E+31,1.45554225,0.361650766,922.9835548,0.556209779
Yantabangee Lake,NSW,114,2,0.14015417,14.27,-30.56666667,143.75,-2.09E-11,4.25654,0.232361,0.173759,1.00E+31,1.00E+31,1.00E+31,1.00E+31,1.00E+31,1.00E+31
Cowans Pond Reserve,NSW,115,4,80,0.05,-29.68888889,152.8888889,0.00040153,27.9668,0.791065,65.9976,1.00E+31,1.00E+31,0.863849898,0.080068747,184.6198754,0.303022099
Doodle Cooma Swamp,NSW,116,112,6.588235294,17,-35.53333333,147,1.36E-08,28.4141,0.678629,9.04E-05,1.00E+31,1.00E+31,2.201419884,0.204028945,459.6943479,0.709099723
Walla Walla Swamp (Gum Swamp),NSW,117,58,29,2,-35.73333333,146.9166667,2.27E-14,4.13362,0.562379,0.0665491,1.00E+31,1.00E+31,1.922879291,0.194089307,476.8526589,0.609943275
Fivebough Swamp,NSW,118,2,0.5,4,-34.53333333,140.4333333,-2.70E-13,32.156,0.328667,5.45E-07,1.00E+31,1.00E+31,2.11439448,0.203804046,570.1910451,0.695946454
Coree Flats,NSW,119,10,25,0.4,-35.28333333,148.8,9.22E-06,317.336,0.846091,0.0250059,1.00E+31,1.00E+31,1.604935541,0.093124476,328.3515301,0.45437223
Packers Swamp,NSW,120,6,15,0.4,-36.75,149.4333333,5.66E-09,95.3267,0.645022,0.00261117,1.00E+31,1.00E+31,0.967791933,0.102634918,241.9151965,0.42871485
Calbocaro Billabong,NSW,121,107,162.1212121,0.66,-29.86666667,144.15,2.79E-05,2.70379,0.286068,0.586217,1.00E+31,1.00E+31,1.391201688,0.307539389,803.9303754,0.486423734
Deadmans Swamp,NSW,122,214,45.43524416,4.71,-30.46666667,144.15,2.84E-06,8.48679,0.258779,0.0260138,1.00E+31,1.00E+31,1.00E+31,1.00E+31,1.00E+31,1.00E+31
Dick Lake,NSW,123,2,0.282485876,7.08,-30.46666667,144.15,2.84E-06,8.48679,0.258779,0.0260138,1.00E+31,1.00E+31,1.00E+31,1.00E+31,1.00E+31,1.00E+31
Waitchie Lake,NSW,124,1,0.487804878,2.05,-30.16666667,144,8.78E-06,3.87762,0.268467,0.178363,1.00E+31,1.00E+31,1.00E+31,1.00E+31,1.00E+31,1.00E+31
Yammaramie Swamp,NSW,125,1,0.032446463,30.82,-30.46666667,144.2,-1.70E-15,6.86975,0.272214,0.0321612,1.00E+31,1.00E+31,1.451864613,0.280623202,858.3175931,0.493224659
Toms Lake,NSW,126,1,0.418410042,2.39,-29.58333333,145.7666667,7.45E-06,10.8575,0.279357,0.166921,1.00E+31,1.00E+31,1.452228957,0.233058367,856.4744231,0.470825291
Culgoa River Floodplain,NSW,127,277,1.205081354,229.86,-29.11666667,147.0833333,4.63E-06,7.81954,0.522926,116.33,6.55117,0.0231585,1.502450839,0.17250481,781.0537403,0.470065288
Tabourie Lake,NSW,128,49,17.19298246,2.85,-35.42444444,150.415,1.00E+31,1.00E+31,1.00E+31,1.00E+31,1.00E+31,1.00E+31,0.517120465,0.051521821,102.1672827,0.209857051
Termeil Lake Wetland,NSW,129,6,8.450704225,0.71,-35.46,150.3905556,0.000010362,28.5926,0.978213,0.030564,1.00E+31,1.00E+31,1.00E+31,1.00E+31,1.00E+31,1.00E+31
Meroo Lake Wetland,NSW,130,21,11.93181818,1.76,-35.48055556,150.3822222,1.04E-05,28.5926,0.978213,0.030564,1.00E+31,1.00E+31,1.00E+31,1.00E+31,1.00E+31,1.00E+31
Beecroft Peninsula,NSW,131,850,21.01879327,40.44,-35,150.7666667,0.000415405,14.76575,0.713771,0.69354,1.00E+31,1.00E+31,1.032973929,0.101285694,175.505229,0.547245534
liverpool Military Training Area,NSW,132,13,0.086666667,150,-33.98333333,150.9833333,0.00105312,15.2759,0.449554,2.76369,1635.37,53.5514,1.00E+31,1.00E+31,1.00E+31,1.00E+31
Salt Ash Air Weapons Range,NSW,133,211,7.562724014,27.9,-32.78333333,152,1.00E+31,5.73534,1.00E+31,1.00E+31,1.00E+31,1.00E+31,1.13713369,0.110121506,173.8644559,0.508994995
Eagle Tarn Sphagnum,TAS,134,3,300,0.01,-42.68109444,146.5898889,0.001352,277.913,0.457512,2.96825,28.0973,0.097647,0.76010746,0.062349247,168.7479053,0.307439839
Lake Lea,TAS,135,25,25,1,-41.51758333,145.9154028,0.00425284,69.2604,0.786207,3.16981,16.43,0.0644082,0.674457118,0.057239934,94.48440958,0.326375959
Maggs Mountain Sphagnum,TAS,136,5,500,0.01,-41.75217222,146.1820917,0.00341502,158.461,0.447876,17.6333,9.54724,0.00571314,0.42809244,0.055513082,92.29286943,0.149056309
Mt Rufus Sphagnum,TAS,137,11,1100,0.01,-42.12711389,146.0974333,0.00367774,138.289,0.304994,2.71556,51.869,0,0.397653545,0.031896574,73.09866115,0.105955597
Shadow Lake Sphagnum,TAS,138,1,100,0.01,-42.09754722,146.1172028,0.00367774,138.289,0.304994,2.71556,51.869,0,1.00E+31,1.00E+31,1.00E+31,1.00E+31
Douglas River,TAS,139,3,3,1,-41.78319444,148.2695667,1.00E+31,6.60187,1.00E+31,1.00E+31,1.00E+31,1.00E+31,0.552773684,0.069011104,92.71529873,0.268791743
Bells Lagoon,TAS,140,2,2.5,0.8,-42.08239444,147.3506194,0.00015918,48.7293,0.509851,0.173913,1.00E+31,1.00E+31,1.00E+31,1.00E+31,1.00E+31,1.00E+31
Cataract Gorge,TAS,141,8,800,0.01,-41.44246389,147.1244972,0.000710492,46.4597,0.470121,88.2728,6.47338,0.813337,0.890262553,0.077058832,164.7523548,0.388087999
Lake Dulverton,TAS,142,19,9.5,2,-42.31645556,147.3822528,0.000565412,58.1706,0.312046,0.569378,1.00E+31,1.00E+31,0.765274064,0.062545352,164.8641135,0.347063823
Near Lagoon,TAS,143,1,6.666666667,0.15,-42.07039444,147.4351667,2.94E-05,35.3795,0.588214,0.779526,1.00E+31,1.00E+31,0.737858634,0.070490657,180.4820417,0.250513439
Township Lagoon,TAS,144,16,160,0.1,-42.14967778,147.42845,1.10E-06,17.2018,0.590523,0.307431,1.00E+31,1.00E+31,0.83295561,0.088013369,199.1533715,0.288861059
White Lagoon,TAS,145,27,270,0.1,-42.1,147.4333333,1.10E-06,17.2018,0.590523,0.307431,1.00E+31,1.00E+31,1.00E+31,1.00E+31,1.00E+31,1.00E+31
Lake Flannigan,TAS,146,8,5.333333333,1.5,-39.61970278,143.9536083,0.00153942,22.3083,0.401249,1.22417,1.00E+31,1.00E+31,1.00E+31,1.00E+31,1.00E+31,1.00E+31
Lavinia Nature Reserve,TAS,147,23,0.333140209,69.04,-39.70324167,144.0490611,5.52E-05,12.1243,0.893918,0.0410067,1.00E+31,1.00E+31,1.00E+31,1.00E+31,1.00E+31,1.00E+31
Lake Chisholm,TAS,148,2,40,0.05,-41.13440833,145.0639306,0.00227664,51.8926,0.895575,91.5583,103.557,0.333257,0.539630747,0.048424524,78.14610903,0.186503183
Lake Surprise,TAS,149,7,28,0.25,-42.99391389,146.1572306,0.00412057,100.112,0.614686,48.764,81.4612,3.95E-05,0.402059359,0.028099445,66.10741349,0.113360704
Lake Sydney,TAS,150,4,40,0.1,-43.28990278,146.6080083,0.00169455,187.915,0.688805,1.22535,107.409,0.002708,0.431505824,0.026675114,79.8892414,0.14572052
Mount Buffalo Peatlands,VIC,151,89,1271.428571,0.07,-36.78333333,146.7666667,0.00163525,366.755,0.541387,1.46316,16.5924,0.00592445,1.216634538,0.097582676,177.8538854,0.289409762
Belsar Island,VIC,152,233,9.32,25,-34.66666667,142.9333333,4.18E-06,9.68307,0.473042,296.17,258.264,0.00866626,1.833417895,0.202528652,688.8332495,0.610064491
Beveridge Island,VIC,153,4,0.392927308,10.18,-35.25,143.55,5.01E-05,5.77587,0.407489,0.291087,149.978,6.58015,2.080872719,0.196394009,619.6783999,0.732056789
"Bunguluke Wetlands, Tyrrell Creek& Lalbert Creek Floodplains",VIC,154,299,56.41509434,5.3,-36.06666667,143.3666667,1.10E-05,2.95482,0.408373,7.10873,76.4185,0.925274,2.008734011,0.210468801,619.2480918,0.641053245
Hattah Lakes,VIC,155,334,32.80943026,10.18,-34.7,142.35,3.53E-06,10.28364,0.2786905,0.06028045,1.00E+31,1.00E+31,1.954332635,0.195222596,585.074546,0.622470391
Heards Lake,VIC,156,5,3.703703704,1.35,-36.81666667,141.8166667,7.82E-05,20.0966,0.355984,0.621862,1.00E+31,1.00E+31,1.00E+31,1.00E+31,1.00E+31,1.00E+31
Heywoods Lake,VIC,157,6,2.631578947,2.28,-34.78333333,143.2,1.50E-06,8.11579,0.302411,0.00108037,1.00E+31,1.00E+31,1.929501334,0.191669283,594.0272271,0.623887362
Kings Billabong Wetlands,VIC,158,148,29.48207171,5.02,-34.237784,142.225701,8.85E-06,9.97148,0.522695,292.755,283.194,0.0373217,1.740232778,0.219404449,843.1075425,0.606560709
Lake Albacutya,VIC,159,235,4.122807018,57,-35.75,141.9666667,2.07E-14,6.62893,0.478717,6.16525,1.00E+31,1.00E+31,1.784578947,0.168918367,562.0888377,0.527819001
Lake Hindmarsh,VIC,160,340,2.179487179,156,-36.05,141.9,-3.39E-10,3.50063,0.633218,8.01406,1.00E+31,1.00E+31,1.467161446,0.148075677,405.420876,0.463380592
Lake Lalbert,VIC,161,135,27,5,-35.66666667,143.3333333,-3.29E-12,3.3072,0.343548,2.64E-06,1.00E+31,1.00E+31,2.218700805,0.21203159,619.7932839,0.648624537
Lake Ranfurly,VIC,162,108,40.75471698,2.65,-34.18333333,142.1,7.14E-06,11.59865,0.468789,292.042,277.019,0.0515815,1.669881187,0.211077383,805.4991372,0.465418152
Lake Tyrrell,VIC,163,101,0.484180249,208.6,-35.35,142.8166667,4.35E-05,9.75604,0.247478,0.170704,1.00E+31,1.00E+31,2.163000902,0.210243352,527.6400174,0.649068333
Lake Wallawalla,VIC,164,178,21.49758454,8.28,-34.18333333,141.1833333,8.10E-07,9.81878,0.229784,0.0733982,1.00E+31,1.00E+31,1.865868799,0.217323211,673.5556462,0.627217648
Lindsay Island,VIC,165,375,2.5,150,-34.11666667,141.15,5.54E-07,3.90908,0.217324,0.158775,1.00E+31,1.00E+31,1.402443973,0.234086969,716.5770888,0.500453377
Mitre Lak,VIC,166,111,14.15816327,7.84,-36.7,141.8166667,-2.90E-08,13.4454,0.447968,0.766015,225.289,2.08663,1.00E+31,1.00E+31,1.00E+31,1.00E+31
"Natimuk Lake, Natimuk Creek & Lake Wyn Wyn",VIC,167,168,14.35897436,11.7,-36.7,141.9333333,1.88E-10,8.41297,0.4509205,4.363412,216.606,1.462781,1.00E+31,1.00E+31,1.00E+31,1.00E+31
Pink Lake (Lochiel),VIC,168,2,1.886792453,1.06,-36.4,141.95,2.73E-12,5.82899,0.398989,8.79867,126.41,0.529748,1.971455491,0.158999706,541.6595386,0.604222813
Pink Lakes,VIC,169,67,17.04834606,3.93,-35.03333333,141.7,3.91E-06,9.87893,0.250247,0.156203,1.00E+31,1.00E+31,1.802928205,0.186516914,513.3202454,0.576502786
Raak Plain,VIC,170,12,2.181818182,5.5,-34.65,142.0833333,6.30E-07,2.43247,0.224647,0.183081,1.00E+31,1.00E+31,1.00E+31,1.00E+31,1.00E+31,1.00E+31
Saint Marys Lake,VIC,171,29,25.66371681,1.13,-36.76666667,141.75,7.82E-05,38.1912,0.355984,0.621862,1.00E+31,1.00E+31,1.59522988,0.124760743,380.1873656,0.516322779
Wallpolla Island,VIC,172,413,4.489130435,92,-34.13333333,141.7166667,1.86E-09,3.1339,0.582572,798.288,337.757,0.0144478,1.768938583,0.219359974,751.2685576,0.584721456
White Lake,VIC,173,106,17.09677419,6.2,-37.06666667,141.7333333,0.000241536,19.8009,0.456311,0.526505,225.942,1.5634,1.00E+31,1.00E+31,1.00E+31,1.00E+31
Lindsay—Werrikoo Wetlands,VIC,174,47,2.633053221,17.85,-37.8,141.2,0.000331405,16.16535,0.6517645,2.498095,217.638,2.33929,1.016670476,0.087857376,220.2535429,0.364404578
Mundi—Selkirk Wetlands,VIC,175,210,10.38062284,20.23,-37.66666667,141.3333333,0.000118707,15.2937,0.636878,1.97301975,217.486,4.49595,1.00E+31,1.00E+31,1.00E+31,1.00E+31
Ryans Lagoon,VIC,176,72,120,0.6,-36.1,146.9666667,5.79E-06,18.1949,0.787316,48.7506,39.0142,0.507024,1.697609684,0.106249087,284.2033163,0.554298674
Barmah—Millewa Forest,VIC,177,618,2.094915254,295,-35.81666667,145.5,4.11E-05,5.785895,0.4492575,83.72265,86.4113,0.46539,2.042914504,0.198700135,565.5365612,0.660750011
Black Swam,VIC,178,59,33.52272727,1.76,-36.16666667,146.3166667,1.61E-06,4.34727,0.614912,32.1776,15.8193,0.757743,1.00E+31,1.00E+31,1.00E+31,1.00E+31
Broken Creek,VIC,179,287,11.48,25,-36.48333333,145.9333333,2.97E-05,10.19123,0.4351135,42.6345785,136.189,0.0846021,1.717522695,0.146496999,404.0103698,0.590389861
Cemetery Swamp,VIC,180,135,151.6853933,0.89,-35.7,143.9166667,5.72E-05,4.19439,0.387195,13.1847,56.5853,0.476083,1.00E+31,1.00E+31,1.00E+31,1.00E+31
First Marsh (The Marsh),VIC,181,24,3.076923077,7.8,-35.65,143.7333333,0.00000148,4.89548,0.336264,0.000911453,1.00E+31,1.00E+31,1.00E+31,1.00E+31,1.00E+31,1.00E+31
Fosters Swamp,VIC,182,26,11.87214612,2.19,-35.73333333,143.95,5.72E-05,4.19439,0.387195,13.1847,56.5853,0.476083,1.00E+31,1.00E+31,1.00E+31,1.00E+31
Gunbower Island,VIC,183,298,1.528205128,195,-36,144.5166667,3.87E-05,2.45975,0.353467,0.652832,152.392,3.40457,1.00E+31,1.00E+31,1.00E+31,1.00E+31
Kanyapella Basin,VIC,184,194,7.516466486,25.81,-36.15,144.9,1.07E-05,3.70478,0.413729,183.736,34.4168,0.233129,2.328898263,0.206906794,498.1763909,0.912669013
Kow Swamp,VIC,185,21,0.77092511,27.24,-35.95,144.2833333,2.29E-05,3.18227,0.319092,0.976974,163.487,1.78997,1.92096479,0.161656407,496.0638058,0.59564671
Lake Bael Bael,VIC,186,40,6.172839506,6.48,-35.68333333,143.7166667,2.38E-19,5.45678,0.363349,6.9556,94.8339,0.611077,2.051623961,0.182294717,587.2405183,0.598718474
Lake Charm,VIC,187,26,5,5.2,-35.6,143.8166667,1.00E+31,6.22056,0.37658,6.87567,140.409,0.563485,1.00E+31,1.00E+31,1.00E+31,1.00E+31
Lake Cullen,VIC,188,21,3.32278481,6.32,-35.63333333,143.7666667,1.38E-05,6.22056,0.37658,6.87567,140.409,0.563485,1.00E+31,1.00E+31,1.00E+31,1.00E+31
Lake Kelly & Stevensons Swamp,VIC,189,1,0.3125,3.2,-35.53333333,143.8166667,1.65E-05,6.66139,0.359423,0.0130259,1.00E+31,1.00E+31,1.00E+31,1.00E+31,1.00E+31,1.00E+31
"Little Lake Charm, Kangaroo Lake & Racecourse Lake",VIC,190,11,0.825825826,13.32,-35.58333333,143.7666667,1.38E-05,4.438545,0.37658,6.87567,140.409,0.563485,1.00E+31,1.00E+31,1.00E+31,1.00E+31
Lower Broken River,VIC,191,13,1.025236593,12.68,-36.48333333,145.9333333,2.39E-13,14.1619,0.499553,0.721857,1.00E+31,1.00E+31,1.717522695,0.146496999,404.0103698,0.590389861
Lower Goulburn River Floodplain,VIC,192,279,2.146153846,130,-36.71666667,145.1666667,8.73E-05,5.064005,0.488529,13.485135,6.55117,0.0136714,1.441791293,0.090778239,309.253852,0.475590991
Muckatah Depression,VIC,193,13,0.446888965,29.09,-36.06666667,146.1166667,0.000103024,5.0035,0.64698,86.0681,1.00E+31,1.00E+31,2.165257421,0.224027765,519.2834833,0.769655179
Second Marsh (Middle Marsh),VIC,194,39,16.73819742,2.33,-35.7,143.6166667,2.40E-19,4.71132,0.335408,0,1.00E+31,1.00E+31,1.00E+31,1.00E+31,1.00E+31,1.00E+31
Tang Tang Swamp,VIC,195,33,32.03883495,1.03,-36.35,144.2833333,3.41E-06,1.90693,0.401039,0.31507,1.00E+31,1.00E+31,2.48248415,0.265268088,532.1877663,1.06545337
Third Marsh (Top Marsh),VIC,196,142,15.01057082,9.46,-35.6,143.7166667,1.48E-06,4.89548,0.336264,0.000911453,1.00E+31,1.00E+31,1.00E+31,1.00E+31,1.00E+31,1.00E+31
"Third, Middle and Reedy Lakes",VIC,197,33,5.518394649,5.98,-35.63751,143.864893,4.39E-05,4.07895,0.358196,0.1539505,254.244,4.27069,1.00E+31,1.00E+31,1.00E+31,1.00E+31
Town Swamp,VIC,198,38,47.5,0.8,-35.71666667,143.9,4.05E-05,5.47269,0.31583,0.131712,1.00E+31,1.00E+31,1.00E+31,1.00E+31,1.00E+31,1.00E+31
Tragowel Swamp (McPhails Swamp),VIC,199,118,45.03816794,2.62,-35.8,143.9333333,0.000110924,3.80317,0.38934,0.330018,111.323,2.16165,1.00E+31,1.00E+31,1.00E+31,1.00E+31
Wallenjoe Wetlands,VIC,200,207,68.31683168,3.03,-36.5,144.8833333,0.000127838,3.09454,0.406833,0.478438,1.00E+31,1.00E+31,1.742138744,0.145085317,400.3169912,0.682807745
Woolshed Swamp,VIC,201,106,30.02832861,3.53,-36.16666667,143.7166667,9.46E-05,5.39115,0.440198,0.0754744,1.00E+31,1.00E+31,2.044156649,0.162210293,452.1334337,0.62382237
Bald Hills State Wildlife Reserve,VIC,202,3,300,0.01,-38.73333333,145.9333333,1.87E-08,8.15322,0.88047,1.65426,1.00E+31,1.00E+31,1.417941742,0.196979258,301.9803501,1.131215647
Billabong Reserve,VIC,203,33,143.4782609,0.23,-37.9,147.3166667,1.29E-05,28.214,0.723451,0.0133196,1.00E+31,1.00E+31,0.976318203,0.097127988,301.632465,0.483824765
Deep Water Morass,VIC,204,2,6.666666667,0.3,-37.83333333,147.4,0.000421855,34.1276,0.485069,0.519876,1.00E+31,1.00E+31,1.188409652,0.074670502,186.9522532,0.497168128
Edithvale—Seaford Wetlands,VIC,205,61,28.37209302,2.15,-38.03333333,145.1166667,0.000216358,8.551115,0.467183,8.85507,287.742,4.79368,1.88104632,0.208077139,337.3480219,1.017463104
Lake Connewarre State Wildlife Reserve,VIC,206,319,10.29032258,31,-38.21666667,144.45,0.000137421,16.5252,0.329757,23.5768,218.432,2.75227,2.031642485,0.244868149,336.0510227,1.214393751
Lake Wellington Wetlands,VIC,207,310,1.722222222,180,-38.08333333,147.3166667,1.38E-16,7.17951,1.04931,38.6743,22.8806,0.0486457,1.076539126,0.087646186,235.2636934,0.496063434
Lower Snowy River Wetlands System,VIC,208,409,20.45,20,-37.73573,148.563524,0.000217965,23.3948,0.8063085,0.478717,1.00E+31,1.00E+31,0.720994879,0.069765034,144.4383608,0.284760982
Central Highlands Peatlands,VIC,209,57,172.7272727,0.33,-37.58555556,146.0213889,0.000458437,144.037,1.08076,0.358482,1.00E+31,1.00E+31,0.431002468,0.031069149,92.94567203,0.155677802
Lake Tali Karng,VIC,210,3,18.75,0.16,-37.55,146.8,6.06E-12,320.195,0.763008,0.0023469,1.00E+31,1.00E+31,0.935650417,0.099505262,334.2210147,0.338957675
Nuniong Plateau Peatlands,VIC,211,35,350,0.1,-37.15,147.9333333,-1.97E-11,186.691,0.69133,0.000375641,1.00E+31,1.00E+31,0.810820576,0.073800642,216.0078077,0.297847701
Tea Tree Swamp (Delegate River),VIC,212,107,205.7692308,0.52,-37.25,148.8333333,6.09E-10,155.765,0.887708,0.0142357,1.00E+31,1.00E+31,0.670875336,0.071698014,218.6824044,0.28196642
Creswick Swamp,VIC,213,2,12.5,0.16,-36.61666667,142.9,2.44E-06,3.27878,0.465175,3.1912,1.00E+31,1.00E+31,1.792374763,0.151325542,373.7297794,0.559822512
Lake Muirhead,VIC,214,56,16.96969697,3.3,-37.48333333,142.6,0.000401395,26.0664,0.446065,0.370148,1.00E+31,1.00E+31,1.149556871,0.085668062,265.9968792,0.299729089
Mount William Swamp,VIC,215,7,1.102362205,6.35,-37.45,142.6666667,3.24E-07,14.2078,0.611505,0.387517,1.00E+31,1.00E+31,1.647105244,0.145956429,340.1341124,0.633017506
Cobden—Terang Volcanic Craters,VIC,216,19,3.099510604,6.13,-38.35,143,9.03E-07,76.0527,0.759893,0.0694761,1.00E+31,1.00E+31,1.386070741,0.130814465,238.5741898,0.545758884
Cundare Pool/Lake Martin,VIC,217,107,2.868632708,37.3,-38.08333333,143.6,0.000907394,5.74504,0.343214,1.42589,1.00E+31,1.00E+31,1.00E+31,1.00E+31,1.00E+31,1.00E+31
Kooraweera Lakes,VIC,218,22,5.152224824,4.27,-38.06666667,143.2833333,6.02E-06,7.55826,0.765396,0.0134073,1.00E+31,1.00E+31,1.00E+31,1.00E+31,1.00E+31,1.00E+31
Lake Beeac,VIC,219,3,0.453172205,6.62,-38.2,143.6166667,0.000955767,6.45126,0.326808,0.73771,1.00E+31,1.00E+31,1.00E+31,1.00E+31,1.00E+31,1.00E+31
Lake Bookaar,VIC,220,83,16.6,5,-38.13333333,143.1166667,2.11E-06,8.07075,0.769371,0.00153501,1.00E+31,1.00E+31,1.00E+31,1.00E+31,1.00E+31,1.00E+31
Lake Colongulac,VIC,221,20,1.428571429,14,-38.16666667,143.1666667,2.64E-06,15.4689,0.769344,0.00197597,1.00E+31,1.00E+31,1.319648567,0.111051412,348.234049,0.473740043
Lake Corangamite,VIC,222,162,0.69527897,233,-38.18333333,143.4166667,3.07E-05,6.65308,0.796084,1.60629,1.00E+31,1.00E+31,1.00E+31,1.00E+31,1.00E+31,1.00E+31
Lake Cundare,VIC,223,51,12.91139241,3.95,-38.15,143.6166667,0.000907394,5.46497,0.343214,1.42589,1.00E+31,1.00E+31,1.00E+31,1.00E+31,1.00E+31,1.00E+31
Lake Gnarpurt,VIC,224,7,0.29787234,23.5,-38.05,143.3833333,5.12E-06,8.58146,0.767276,0.0269875,1.00E+31,1.00E+31,1.00E+31,1.00E+31,1.00E+31,1.00E+31
Lake Linlithgow Wetlands,VIC,225,124,8.659217877,14.32,-37.76666667,142.1833333,0.000783225,5.58077,0.364569,0.684255,71.091,12.0418,1.79008005,0.166883906,363.1981939,0.628964032
Lake Milangil,VIC,226,47,37.6,1.25,-38.1,143.2166667,5.89E-06,8.80355,0.767407,0.00440928,1.00E+31,1.00E+31,1.00E+31,1.00E+31,1.00E+31,1.00E+31
Lake Murdeduke,VIC,227,14,0.903225806,15.5,-38.16666667,143.9,0.000637852,12.5784,0.42426,6.52665,99.1578,4.90616,1.00E+31,1.00E+31,1.00E+31,1.00E+31
Lake Terangpom,VIC,228,86,41.34615385,2.08,-38.13333333,143.3166667,6.24E-06,7.2213,0.767168,0.00475988,1.00E+31,1.00E+31,1.00E+31,1.00E+31,1.00E+31,1.00E+31
Lower Lough Calvert & Lake Thurrumbong,VIC,229,25,2.84738041,8.78,-38.198316,143.649054,0.000477885,32.64078,0.4993315,0.368855094,1.00E+31,1.00E+31,1.00E+31,1.00E+31,1.00E+31,1.00E+31
Middle Lough Calvert,VIC,230,16,2.76816609,5.78,-38.16666667,143.6833333,0.000863601,6.5442,0.357455,1.15378,1.00E+31,1.00E+31,1.667592055,0.11636258,292.8754528,0.689979269
Point Cook & Laverton Saltworks,VIC,231,128,14.22222222,9,-37.9,144.7833333,0.000227794,4.70996,0.334453,0.839211,264.996,6.35997,2.158327078,0.285205139,528.0739315,1.188424921
Red Rock Lakes & The Basins,VIC,232,2,0.896860987,2.23,-38.33333333,143.45,8.94E-07,5.34286,0.771442,1.60629,1.00E+31,1.00E+31,1.00E+31,1.00E+31,1.00E+31,1.00E+31
Tower Hill,VIC,233,184,59.16398714,3.11,-38.31666667,142.3666667,0.000780389,27.8126,0.401856,0.760084,1.00E+31,1.00E+31,1.201855226,0.129818416,298.5455615,0.553490577
Upper Lough Calvert,VIC,234,22,2.669902913,8.24,-38.11666667,143.6833333,0.000803727,5.11106,0.384152,2.29926,1.00E+31,1.00E+31,1.00E+31,1.00E+31,1.00E+31,1.00E+31
Bitter Swamp,VIC,235,3,9.375,0.32,-37.08333333,141.75,0.000336492,19.8009,0.44204,0.331696,1.00E+31,1.00E+31,1.124953904,0.098225552,288.6938673,0.425874891
Cardross Lake,VIC,236,100,33.78378378,2.96,-34.31666667,142.1,3.59E-06,18.2684,0.315629,0.00079366,314.439,3.91687,1.00E+31,1.00E+31,1.00E+31,1.00E+31
Lake Buloke Wetlands,VIC,237,209,2.527206771,82.7,-36.26666667,142.9666667,2.64E-05,3.99669,0.26546,3.37086,1.00E+31,1.00E+31,1.928157978,0.169561688,495.7018311,0.571821678
Boiler Swamp System,VIC,238,3,1.554404145,1.93,-37.33333333,140.9833333,0.00377532,8.17639,1.4269,24.2902,1.00E+31,1.00E+31,1.00E+31,1.00E+31,1.00E+31,1.00E+31
Dergholm (Youpayang) Wetlands,VIC,239,82,35.96491228,2.28,-37.35,141.3,2.77E-08,73.4333,0.631933,5.40845,232.094,2.73028,1.081608264,0.087267127,274.7002587,0.398983752
Avoca Floodway (Tutchewop Plains),VIC,240,30,6.198347107,4.84,-35.51666667,143.7166667,5.90E-05,4.50397,0.404967,0.0480569,1.00E+31,1.00E+31,1.00E+31,1.00E+31,1.00E+31,1.00E+31
Lake Buninjon,VIC,241,18,6.271777003,2.87,-37.48333333,142.7833333,9.57E-08,22.2281,0.614202,1.18504,1.00E+31,1.00E+31,1.497879071,0.125368396,273.9366582,0.462769656
Lake Wendouree,VIC,242,65,29.01785714,2.24,-37.55,143.7166667,1.15E-06,12.261,0.637565,0.0111557,1.00E+31,1.00E+31,1.907442177,0.19397922,391.5966888,0.823511509
Merin Merin Swamp,VIC,243,33,15.34883721,2.15,-37.21666667,143.7833333,1.77E-05,37.5298,0.584602,0.0268225,1.00E+31,1.00E+31,1.751213487,0.137046215,404.1659676,0.619863291
Woorndoo—Hopkins Wetlands,VIC,244,1,0.171232877,5.84,-37.81666667,142.6833333,1.07E-05,23.9515,0.615348,0.00809739,1.00E+31,1.00E+31,1.617109636,0.163993921,343.3589675,0.595301922
Lake Condah,VIC,245,160,195.1219512,0.82,-38.06666667,141.8333333,2.48E-06,26.6119,0.713978,0.0739196,212.854,20.6571,1.129491113,0.119607722,279.4931691,0.437280628
Nerrin Nerrin Wetland,VIC,246,79,15.01901141,5.26,-37.73333333,143.0166667,-3.71E-12,10.4637,0.605947,0.000303361,1.00E+31,1.00E+31,1.564103037,0.159894836,352.5919823,0.562152198
Widderin Swamps,VIC,247,2,0.557103064,3.59,-38.73333333,143.3666667,0.000308107,158.343,0.891277,0.30526,84.1816,0.0975072,1.020177485,0.08307394,83.91056543,0.385814553
Mitta Mitta River,VIC,248,172,7.166666667,24,-36.83333333,147.4166667,0.00131131,163.585,0.763,3.21645,1.00E+31,1.00E+31,0.842815064,0.068170357,167.1018205,0.253987314
Ovens River,VIC,249,281,7.493333333,37.5,-36.25,146.2666667,5.64E-05,4.91273,0.457908,32.2719,41.6548,0.81125,1.919167847,0.13041295,361.1809947,0.739300278
Howqua River,VIC,250,210,13.81578947,15.2,-37.16666667,146.65,0.000407692,328.73,0.820297,0.451756,25.5969,0,0.583933791,0.068279695,103.3079647,0.176696782
Big River,VIC,251,185,12.62798635,14.65,-37.56666667,146.0166667,0.000334479,108.655,1.1014,0.918268,1.00E+31,1.00E+31,1.082736246,0.061273351,202.0904077,0.365948082
Wimmera River,VIC,252,808,1.442342021,560.2,-36.65,141.9833333,-4.60E-08,7.95567,0.454962,8.01508,236.934,0.829914,1.94079192,0.158788867,454.2890698,0.781287165
Genoa River,VIC,253,303,28.05555556,10.8,-37.26666667,149.35,3.17E-07,121.453,0.829029,2.65402,1.00E+31,1.00E+31,0.687682768,0.07312709,208.099871,0.266778762
"Bemm, Goolengook, Arte and Errinundra Rivers",VIC,254,424,7.162162162,59.2,-37.31666667,148.9166667,8.04E-09,244.914,0.887404,0.0144635,1.00E+31,1.00E+31,1.00E+31,1.00E+31,1.00E+31,1.00E+31
Snowy River,VIC,255,1453,3.112015421,466.9,-36.88333333,148.4166667,0.000622319,139.053,0.600457,20.686,134.48,1.22644,0.909737905,0.070222324,278.4741558,0.327538855
Suggan Buggan and Berrima,VIC,256,174,9.456521739,18.4,-36.81666667,148.2333333,4.30E-07,108.434,0.865418,0.000373775,1.00E+31,1.00E+31,0.63845207,0.06799418,128.6206431,0.181610508
Upper Buchan River,VIC,257,266,14.94382022,17.8,-36.88333333,148.15,0.000708452,137.138,0.61374,0.553022,1.00E+31,1.00E+31,1.00E+31,1.00E+31,1.00E+31,1.00E+31
Wonnangatta River,VIC,258,329,8.024390244,41,-37.13333333,146.6333333,0.000152832,220.354,0.910749,0.252284,1.00E+31,1.00E+31,1.00E+31,1.00E+31,1.00E+31,1.00E+31
Benedore River,VIC,259,477,14.19642857,33.6,-37.61666667,149.5833333,0.000853754,54.83,0.601448,0.709933,1.00E+31,1.00E+31,0.695395261,0.087492848,108.0687353,0.241495092
Thurra River,VIC,260,461,15.78767123,29.2,-37.36666667,149.35,0.000745094,128.067,0.51968,1.46692,1.00E+31,1.00E+31,1.00E+31,1.00E+31,1.00E+31,1.00E+31
Yarra River,VIC,261,929,87.23004695,10.65,-37.75,145.7166667,0.000191285,97.16495,0.9191595,5.3949885,2766.59,1.65559,1.217875758,0.08675967,211.1762821,0.525068208
Lerderderg River,VIC,262,601,10.94717668,54.9,-37.45,144.2333333,2.16E-05,70.4658,0.729966,0.0482074,1.00E+31,1.00E+31,1.49605385,0.120874885,335.3858417,0.597872011
Aire River,VIC,263,140,17.07317073,8.2,-38.66666667,143.55,0.000434391,114.031,0.88225,1.63975,90.0737,2.20081,1.00E+31,1.00E+31,1.00E+31,1.00E+31
Glenelg River,VIC,264,378,12.51655629,30.2,-37.93333333,141.2833333,3.81E-05,34.0726,0.726446,17.6621,214.75,3.28552,1.00E+31,1.00E+31,1.00E+31,1.00E+31
Coyrecup Lake,WA,265,4,0.8,5,-33.71666667,117.8333333,4.43E-05,8.69828,0.286262,0.777193,1.00E+31,1.00E+31,1.844563744,0.1783327,416.1934318,0.621387595
Dumbleyung Lake,WA,266,52,0.935083618,55.61,-33.33333333,117.6666667,1.23E-06,33.6768,0.290203,3.50471,1.00E+31,1.00E+31,1.886010804,0.248124658,461.7497122,0.678528121
Toolibin Lake,WA,267,51,11.67048055,4.37,-32.91666667,117.6,-5.96E-11,24.293,0.353959,5.19E-09,1.00E+31,1.00E+31,1.771360609,0.159335454,408.0270489,0.587282915
Yealering Lakes System,WA,268,4,0.516129032,7.75,-32.53333333,117.6,-4.90E-11,38.5984,0.354055,6.75E-05,1.00E+31,1.00E+31,2.070716651,0.231413149,616.614538,0.720351334
Yorkrakine Rock Pools,WA,269,82,8200,0.01,-31.43333333,117.5166667,4.45E-11,18.9176,0.329007,0.000773843,1.00E+31,1.00E+31,1.973106193,0.230632859,682.4954597,0.708178065
Cape Range Subterranean Waterways,WA,270,44,0.025142857,1750,-21.83333333,113.6666667,3.48E-05,1.728515,0.22512,0.0619413,1.00E+31,1.00E+31,1.307609564,0.217011006,556.464674,0.422543617
Lake MacLeod,WA,271,88,0.058666667,1500,-23.6,113.5,4.44E-06,30.78295,0.200419,0.0666576,1.00E+31,1.00E+31,1.329117481,0.204203966,569.4311823,0.412020417
McNeill Claypan System,WA,272,37,1.48,25,-24.9,113.75,-4.73E-06,4.87566,0.221288,10.9809,1.00E+31,1.00E+31,1.235709727,0.185545567,532.3643699,0.389484891
Windjana Gorge,WA,273,26,130,0.2,-17.41666667,124.95,0.000112094,9.00792,0.88833,0.799215,119.935,0.0123338,1.235133083,0.183842983,280.5170267,0.296250678
Rowles Lagoon System,WA,274,17,3.090909091,5.5,-30.4,120.8166667,1.19E-05,62.7872,0.2837835,0.2533398,1.00E+31,1.00E+31,1.326029991,0.239315992,674.1487524,0.466513605
Bunda-Bunda Mound Springs,WA,275,17,77.27272727,0.22,-17.15,122.3166667,0.000633749,7.93347,0.648334,0.693583,1.00E+31,1.00E+31,1.043185157,0.155982535,191.944145,0.282621506
Eighty Mile Beach System,WA,276,24,0.06,400,-19.05,119.7666667,5.55E-05,4.095795,0.511051,0.107962,1.00E+31,1.00E+31,1.00E+31,1.00E+31,1.00E+31,1.00E+31
Geikie Gorge,WA,277,14,10.76923077,1.3,-18.08333333,125.7166667,7.22E-06,20.5076,0.717529,21.5897,135.743,0.00594648,1.268836751,0.202353307,339.4344331,0.272306364
Roebuck Plains System,WA,278,44,0.091666667,480,-17.83333333,122.35,0.000112367,18.72385,0.735849,1.0817495,138.351,0.00422057,1.099254538,0.154390779,225.8171649,0.281969738
Willie Creek Wetlands,WA,279,60,300,0.2,-17.76666667,122.2666667,0.000147857,14.6672,0.760812,0.239175,1.00E+31,1.00E+31,0.953591494,0.12793769,227.7240754,0.360185391
Balicup Lake System,WA,280,37,2.642857143,14,-34.21666667,117.7666667,4.67E-05,9.9275,0.3439105,0.3087,1.00E+31,1.00E+31,1.425350498,0.114368355,323.5586752,0.520846386
Culham Inlet System,WA,281,71,0.62560578,113.49,-33.9,120.0666667,1.74E-05,48.6028,0.431444,5.07559,1.66143,0.650561,1.367625678,0.163636775,475.4796302,0.467540435
Fitzgerald Inlet System,WA,282,76,6.333333333,12,-33.81666667,119.3,3.43E-05,36.0783,0.387283,1.03095,79.0973,0.45171,1.25126483,0.149845985,419.3864147,0.515887498
Lake Gore System,WA,283,8,0.533333333,15,-33.75,121.4666667,0.000109558,19.5127,0.439233,3.37813,1.67294,1.11682,1.373052151,0.209720699,494.0565799,0.482689558
Lake Warden System,WA,284,26,2.166666667,12,-33.78333333,121.85,8.82E-05,30.65015,0.523927,0.871404,1.00E+31,1.00E+31,1.316542398,0.213811757,634.2039411,0.431427021
Mortijinup Lake System,WA,285,28,3.733333333,7.5,-33.78333333,121.5833333,0.000202833,33.63475,0.413012,0.425369,1.00E+31,1.00E+31,1.00E+31,1.00E+31,1.00E+31,1.00E+31
Pink Lake,WA,286,37,3.487276155,10.61,-33.85,121.8333333,0.000118184,21.7882,0.559214,0.0687122,1.00E+31,1.00E+31,1.00E+31,1.00E+31,1.00E+31,1.00E+31
Yellilup Yate Swamp System,WA,287,27,1.8,15,-34.3,118.85,2.88E-05,53.0142,0.443923,0.094153532,1.00E+31,1.00E+31,1.250931904,0.096293939,280.87282,0.432962349
Kookhabinna Gorge,WA,288,1,0.8,1.25,-23.25,116.0166667,2.83E-05,58.45136,0.2886015,0.267465,1.00E+31,1.00E+31,1.380848282,0.222982882,666.9375616,0.401302245
Lake Carnegie System,WA,289,42,0.02743305,1531,-25.95,122.0833333,3.03E-07,20.7354,0.283276,0.050426,1.00E+31,1.00E+31,1.349018469,0.293112204,719.0822802,0.464696198
Hutt Lagoon System,WA,290,67,2.233333333,30,-28.03333333,114.1666667,4.42E-05,39.91895,0.310819,0.839403,1.00E+31,1.00E+31,1.506924054,0.120937237,388.7330837,0.54469849
Lake Logue—Indoon System,WA,291,42,7.939508507,5.29,-29.86666667,115.1333333,9.33E-05,67.6272,0.415794,0.925788,1.00E+31,1.00E+31,1.639107213,0.140036602,486.7584618,0.548977654
Murchison River (Lower Reaches),WA,292,137,21.92,6.25,-27.71666667,114.1666667,1.80E-05,48.26445,0.2886955,5.8577555,1.00E+31,1.00E+31,1.16936098,0.130577109,443.9012359,0.38591308
Lake Gruszka,WA,293,2,0.4,5,-25.33333333,125.5666667,1.85E-06,4.10323,0.25774,0.148852,1.00E+31,1.00E+31,1.286893104,0.217487799,526.3162222,0.378701183
Dragon Tree Soak,WA,294,2,40,0.05,-19.66666667,123.35,3.85E-06,17.0774,0.626105,0.00312875,1.00E+31,1.00E+31,1.140964637,0.135157654,189.2475658,0.246623545
Lake Dora (Rudall River) System,WA,295,8,0.024539877,326,-21.95,122.8,1.31E-06,13.2527,0.455803,0.00068421,1.00E+31,1.00E+31,1.336184072,0.217067213,465.8532491,0.333447485
Mandora Salt Marsh,WA,296,3,0.00375,800,-19.66666667,121.1166667,4.75E-05,4.864885,0.527184,0.8273329,1.00E+31,1.00E+31,1.194456717,0.165290434,340.2701883,0.300769809
Yeo Lake/Lake Throssell,WA,297,66,0.092957746,710,-27.35,123.8833333,2.48E-05,62.58785,0.2482175,0.1064098,1.00E+31,1.00E+31,1.318701053,0.215106317,684.3636037,0.40082339
Byenup Lagoon System,WA,298,516,10.32,50,-34.31666667,116.6666667,0.001040849,17.43515,0.445664,9.9918,35.2487,0.955977,1.159995242,0.078593126,228.1981257,0.401940819
Chittering—Needonga Lakes,WA,299,5,2.016129032,2.48,-31.43333333,116.1,0.000369199,80.137,0.401449,3.38679,1.00E+31,1.00E+31,1.69533876,0.15172742,450.6724167,0.554172636
Lake Muir,WA,300,179,3.891304348,46,-34.48333333,116.6666667,0.000239905,7.0922,0.557189,0.267666,1.00E+31,1.00E+31,1.00E+31,1.00E+31,1.00E+31,1.00E+31
Lake Pleasant View System,WA,301,98,17.81818182,5.5,-34.78333333,118.15,0.000333993,32.99225,0.508372,0.5975285,1.00E+31,1.00E+31,1.090874053,0.085795985,219.8141427,0.43184301
Moates Lake System,WA,302,105,14,7.5,-34.93333333,118.0833333,0.000607142,29.14471,0.347463,0.658249,1.00E+31,1.00E+31,1.150100417,0.078173037,167.9931883,0.50347411
Lake Disappointment (Savory Creek) System,WA,303,35,0.022697795,1542,-23.447842,122.794552,5.36E-05,2.80836,0.331805,0.152734,1.00E+31,1.00E+31,1.322673002,0.219780896,506.3688502,0.360221014
Lake Cronin,WA,304,65,500,0.13,-119.7666667,32.38333333,1.00E+31,1.00E+31,1.00E+31,1.00E+31,1.00E+31,1.00E+31,1.00E+31,1.00E+31,1.00E+31,1.00E+31
Lake Grace System,WA,305,212,1.606060606,132,-33.06666667,118.3166667,2.50E-06,32.926,0.3244265,0.070793005,1.00E+31,1.00E+31,1.952051778,0.236938246,604.2204291,0.717707366
Anneen Lake (Lake Nannine),WA,306,143,1.191666667,120,-26.8,118.1666667,3.09E-07,8.504175,0.2564875,0.0857205,1.00E+31,1.00E+31,1.385608619,0.315001554,858.9571096,0.48267644
Breberle Lake,WA,307,4,0.533333333,7.5,-26.33333333,115.9666667,5.82E-06,63.1809,0.21387,0.0273194,1.00E+31,1.00E+31,1.315945076,0.202304722,719.6830304,0.378820665
Lake Ballard,WA,308,44,0.073333333,600,-29.28333333,120.5666667,3.83E-10,54.658,0.267636,4.88E-05,1.00E+31,1.00E+31,1.346214175,0.308750361,739.4418704,0.490298648
Lake Barlee,WA,309,131,0.067393765,1943.8,-28.85,118.95,4.66E-05,56.759,0.281628,0.060514475,1.00E+31,1.00E+31,1.316294009,0.26096051,699.8086281,0.448496409
Lake Marmion,WA,310,14,0.039660057,353,-29.56666667,121.3166667,1.81E-05,27.68645,0.280502,0.11317115,1.00E+31,1.00E+31,1.351727089,0.283328363,752.970821,0.4523349
Wooleen Lake,WA,311,6,0.272727273,22,-27.06666667,116.1833333,1.90E-07,5.07292,0.207335,0.0694443,1.00E+31,1.00E+31,1.345234731,0.212641157,798.6581158,0.396135582
Drysdale River,WA,312,142,2.784313725,51,-14.53333333,126.7,0.000352227,48.01795,0.99113,1.2171785,1.00E+31,1.00E+31,0.944843237,0.13544301,134.2853161,0.23988723
Mitchell River System,WA,313,13,0.314009662,41.4,-14.48333333,125.4333333,0.00100104,42.33677,0.824851,3.68401,103.411,6.17E-05,0.729807196,0.109814775,70.70685774,0.231558997
Prince Regent River System,WA,314,39,0.272727273,143,-15.23333333,124.95,0.000686259,21.770075,1.0125925,0.669302,1.00E+31,1.00E+31,0.816309653,0.125270306,108.1411651,0.229689533
De Grey River,WA,315,25,0.183823529,136,-19.96666667,119.1666667,8.17E-08,3.130705,0.418673,0.59845311,1.00E+31,1.00E+31,1.362769202,0.227897366,549.5699022,0.368362646
Fortescue Marshes,WA,316,253,0.253,1000,-22.08333333,118.1,0.000121756,69.2758,0.438071,14.398555,155.672,0.0463499,1.400762396,0.228282412,616.2155063,0.392654043
Karijini (Hamersley Range) Gorges,WA,317,2,2.5,0.8,-22.21666667,118,3.77E-05,34.38631,0.395491,2.09911593,1.00E+31,1.00E+31,1.416600995,0.214782934,656.906618,0.41842315
Millstream Pools,WA,318,13,8.666666667,1.5,-21.58333333,117.0833333,4.40E-05,26.9699,0.413819,34.2939,1.00E+31,1.00E+31,1.379438526,0.218434365,567.3813461,0.397873036
Benger Swamp,WA,319,34,5.944055944,5.72,-33.16666667,115.8333333,0.000245962,7.54927,0.772115,0.327246,1.00E+31,1.00E+31,1.061178583,0.08515819,147.8596094,0.445696189
Booragoon Lake,WA,320,9,69.23076923,0.13,-32.05,115.8333333,0.000429395,21.5158,0.292435,1.77694,637.522,5.37054,1.00E+31,1.00E+31,1.00E+31,1.00E+31
Brixton Street Swamps,WA,321,444,1480,0.3,-32.03333333,115.9666667,0.000586187,6.21977,0.352713,4.03084,1.00E+31,25.5451,0.986088037,0.064708542,130.4916345,0.368650807
Chandala Swamp,WA,322,20,20,1,-31.5,115.9666667,0.000572392,29.1256,0.483263,1.11504,2.55907,0.487889,1.00E+31,1.00E+31,1.00E+31,1.00E+31
Ellen Brook Swamps System,WA,323,36,180,0.2,-31.75,116.0333333,0.000640114,38.0643,0.488285,46.5116,34.5263,0.421108,1.662283944,0.096456709,280.8617885,0.543144671
Gibbs Road Swamp System,WA,324,499,712.8571429,0.7,-32.13333333,115.8666667,0.000656052,14.654705,0.5151595,0.6722775,1.00E+31,1.00E+31,1.00E+31,1.00E+31,1.00E+31,1.00E+31
Guraga Lake,WA,325,8,2.285714286,3.5,-30.86666667,115.5666667,4.81E-05,13.8816,0.504178,0.0883006,1.00E+31,1.00E+31,1.18321551,0.091720966,238.419977,0.395402992
Herdsman Lake,WA,326,119,47.6,2.5,-31.91666667,115.8,0.00128932,20.1362,0.269119,3.02528,914.001,9.90951,1.00E+31,1.00E+31,1.00E+31,1.00E+31
Joondalup Lake,WA,327,70,13.20754717,5.3,-31.75,115.7833333,0.000827977,32.3381,0.425592,1.44711,717.577,7.78176,1.631657794,0.145251649,210.8755422,0.900951269
Lake McLarty System,WA,328,28,7,4,-32.63333333,115.7,0.00147373,4.492295,0.900269,75.0108,28.68395,0.150644,1.389884211,0.09743448,135.3943189,0.590750171
Loch McNess System,WA,329,76,29.80392157,2.55,-31.53333333,115.6833333,8.86E-05,34.9135,0.722194,0.326247,205.364,4.94322,1.19510282,0.100820587,206.7551997,0.401670285
McCarley’s Swamp (Ludlow Swamp),WA,330,1,4,0.25,-33.6,115.5,0.00126759,5.88504,0.353175,1.19854,1.00E+31,1.00E+31,0.890789221,0.073878111,188.0770696,0.409181898
Perth Airport Woodland Swamps,WA,331,12,52.17391304,0.23,-31.91666667,115.8333333,0.00129252,20.1362,0.326768,68.7845,474.573,0.684285,1.00E+31,1.00E+31,1.00E+31,1.00E+31
Rottnest Island Lakes,WA,332,29,16.11111111,1.8,-32,115.5166667,1.00E+31,1.34258,1.00E+31,1.00E+31,1.00E+31,1.00E+31,1.00E+31,1.00E+31,1.00E+31,1.00E+31
Spectacles Swamp,WA,333,16,11.26760563,1.42,-32.21666667,115.8333333,0.00035935,15.5625,0.629193,0.446745,1.00E+31,1.00E+31,1.00E+31,1.00E+31,1.00E+31,1.00E+31
Thomsons Lake,WA,334,32,15.02347418,2.13,-32.15,115.8333333,0.000482174,20.3301,0.602215,0.471943,1.00E+31,1.00E+31,1.00E+31,1.00E+31,1.00E+31,1.00E+31
Vasse—Wonnerup Wetland System,WA,335,67,6.7,10,-33.58333333,115.35,0.00105852,41.78625,0.405085,5.32123,1.00E+31,1.00E+31,1.222237503,0.165579056,194.7430771,0.670149992
Wannamal Lake System,WA,336,73,15.53191489,4.7,-31.06666667,116.0166667,0.000173181,21.94476,0.5023305,4.5616025,39.3548,0.751081,1.874093702,0.152757675,442.7510291,0.591477372
Yalgorup Lakes System,WA,337,167,2.982142857,56,-32.71666667,115.6166667,0.001047003,10.896535,0.585467,37.7959155,168.667,0.184118,1.00E+31,1.00E+31,1.00E+31,1.00E+31
Lake Gregory System,WA,338,54,0.139534884,387,-20.05,127.1666667,-1.95E-09,34.5144,0.4754085,2.64E-05,1.00E+31,1.00E+31,1.261867317,0.200757456,319.0458799,0.299422493
Lake Kununurra,WA,339,205,8.2,25,-15.78333333,128.6833333,0.000385454,34.92093,0.83054,4.31041,126.356,0.532442,1.223808482,0.201892375,291.5335597,0.276022129
Parry Floodplain,WA,340,148,1.644444444,90,-15.46666667,128.2,0.000163132,24.39465,0.924815,0.296865,113.625,0.00894842,1.084491968,0.250541408,199.2255655,0.260499124
Blackwood River (Lower Reaches) and Tributaries System,WA,341,40,6.451612903,6.2,-34.06666667,115.1166667,0.001344595,28.6855,0.45239,2.941375,1.00E+31,1.00E+31,1.075417391,0.086733064,129.2305944,0.422279713
Broke Inlet System,WA,342,73,1.500513875,48.65,-34.5,116.35,0.000654846,24.51555,0.8397175,0.591655,1.00E+31,1.00E+31,0.879250721,0.079440281,215.9462845,0.341880022
Doggerup Creek System,WA,343,488,19.33438986,25.24,-34.7,115.9666667,0.000721041,62.09555,0.8511275,3.3367095,1.23127,0.0887133,1.00E+31,1.00E+31,1.00E+31,1.00E+31
Gingilup—Jasper Wetland System,WA,344,38,2.375,16,-34.33333333,115.4666667,0.000503107,15.463515,0.820266,3.3284,1.00E+31,1.00E+31,0.606324829,0.072217157,122.3365221,0.260682669
Maringup Lake,WA,345,5,1.748251748,2.86,-34.83333333,116.2,1.00E+31,17.6777,1.00E+31,1.00E+31,1.00E+31,1.00E+31,0.704684513,0.06405678,91.01210703,0.250857858
Mt. Soho Swamps,WA,346,6,12,0.5,-34.78333333,116.95,0.001097012,18.21185,0.665002,0.943912,4.13952,0.0211642,0.730499384,0.06878267,125.4892318,0.289604695
Owingup Swamp System,WA,347,26,2.476190476,10.5,-34.96666667,117.0333333,0.00061897,11.77255,0.702642,7.0129195,4.58293,0.691078,1.00E+31,1.00E+31,1.00E+31,1.00E+31
Thundelarra Lignum Swamp,WA,348,7,5.185185185,1.35,-28.95,117.1833333,3.38E-06,4.99021,0.28727,0.121084,1.00E+31,1.00E+31,1.435105184,0.2588495,730.9983915,0.514715129
Gladstone Lake,WA,349,6,6,1,-17.18333333,126.2333333,6.45E-05,11.3808,0.812823,0.145257,123.831,0.0868054,1.174072369,0.141523954,247.9584121,0.24567512
Lake Bryde—East Lake Bryde,WA,350,2,1.481481481,1.35,-33.35,118.8166667,4.99E-06,16.4671,0.292108,0.246709,1.00E+31,1.00E+31,1.769815091,0.200036911,561.3174974,0.600122713
Mt. Bruce Coolibah—Lignum flats,WA,351,7,8.536585366,0.82,-22.63333333,118.2166667,4.64E-05,6.13955,0.38103,0.465883,1.00E+31,1.00E+31,1.424011828,0.267064603,758.5098295,0.444383999
"Palmer Barracks, Guildford C",WA,352,59,1180,0.05,-32.51666667,116.6333333,4.54E-05,62.9813,0.496835,0.0607357,1.00E+31,1.00E+31,1.413470342,0.094584535,276.9085974,0.426777951
Bowling Green Bay,QLD,353,371,1.140100181,325.41,-19.46194444,147.1477778,0.0014054,3.15776,0.455204,1.00E+31,23.9731,0.254004,1.233005513,0.152303918,282.0647884,0.440823531
Burdekin - Townsville Coastal Aggregation,QLD,354,497,0.333116618,1491.97,-19.46194444,147.1477778,0.0014054,3.15776,0.455204,20.5674,23.9731,0.254004,1.233005513,0.152303918,282.0647884,0.440823531
Lake Elphinstone,QLD,355,23,7.666666667,3,-21.53361111,148.2430556,1.23E-05,57.982,0.594592,0.0232831,1.00E+31,1.00E+31,1.314829421,0.131054743,501.5079678,0.354306219
Boggomoss Springs,QLD,356,29,7.25,4,-25.41666667,150.1666667,3.68E-06,44.6084,0.610961,0.230912,64.0322,1.0132,1.312280152,0.113355771,439.9995011,0.351053563
Fitzroy River Floodplain,QLD,357,891,4.569230769,195,-23.29277778,150.4422222,1.39E-05,3.38397,0.824599,167.813,108.135,0.120143,1.235011578,0.12912576,419.8200011,0.382511473
Hedlow Wetlands,QLD,358,113,1.017926313,111.01,-23.05055556,150.5538889,0.000477222,9.70795,0.563458,3.94313,1.00E+31,1.00E+31,1.039904221,0.124500773,227.7301669,0.362310519
Lake Broadwater,QLD,359,14,6.511627907,2.15,-27.35638889,151.1011111,1.50E-05,5.5366,0.514586,0.222387,1.00E+31,1.00E+31,1.757305711,0.138667864,572.6618466,0.527046716
Lake Nuga Nuga,QLD,360,56,2.706621556,20.69,-25.00944444,148.6902778,3.66E-05,8.47386,0.546785,2.81656,2.33622,0.55786,1.307190953,0.134600811,506.0749586,0.347331047
Palm Tree and Robinson Creeks,QLD,361,240,0.477383936,502.74,-25.39472222,149.7894444,1.11E-05,25.2808,0.622423,1.00432,1.00E+31,1.00E+31,1.397489351,0.139932496,599.3156499,0.377073983
The Gums Lagoon,QLD,362,149,43.44023324,3.43,-27.335,150.1963889,5.28E-06,4.12384,0.443069,0.83868,41.0676,0.63571,1.811090045,0.168047611,734.4433131,0.567385251
Birdsville - Durrie Waterholes Aggregation,QLD,363,23,0.070431161,326.56,-25.63305556,140,1.19E-06,4.79307,0.216119,4.52353,1.00E+31,1.00E+31,1.462037605,0.284159698,676.8737376,0.424239501
Bulloo Lake,QLD,364,14,0.016821464,832.27,-28.86194444,142.3252778,7.47E-21,8.15373,0.214687,1.32E-08,1.00E+31,1.00E+31,1.379081009,0.259734188,831.5450315,0.494722798
Cooper Creek Overflow Swamps - Windorah,QLD,365,115,0.092108319,1248.53,-25.58305556,142.4166667,-4.55E-13,7.93648,0.247365,2.00E-09,1.00E+31,1.00E+31,1.373683919,0.264790262,755.4321551,0.412983599
Cooper Creek Swamps - Nappa Merrie,QLD,366,46,0.043269276,1063.11,-27.6,141.5830556,3.54E-08,8.6105,0.291963,101.894,1.00E+31,1.00E+31,1.379955604,0.248741375,644.5832702,0.420611827
Cooper Creek - Wilson River Junction,QLD,367,15,0.023464998,639.25,-27.83305556,142,1.02E-05,3.5406,0.210519,0.0702762,1.00E+31,1.00E+31,1.455988752,0.336465054,886.2383714,0.545845821
Diamantina Lakes Area,QLD,368,19,4.834605598,3.93,-23.68833333,141.1108333,-2.79E-10,10.8209,0.290922,5.31534,1.00E+31,1.00E+31,1.352749333,0.229644363,642.3891318,0.391873844
Diamantina Overflow Swamp - Durrie Station,QLD,369,5,0.017125634,291.96,-25.63305556,140.3997222,-8.45E-11,3.63083,0.197995,0.00173372,1.00E+31,1.00E+31,1.44041644,0.267461979,644.3924205,0.457421658
Georgina River - King Creek Floodout,QLD,370,18,0.013010763,1383.47,-24.25,139.6666667,-3.07E-11,8.55277,0.216745,1.07E-07,1.00E+31,1.00E+31,1.401854165,0.222079466,694.4582753,0.382450301
Lake Bullawarra,QLD,371,14,1.087801088,12.87,-27.90388889,143.5908333,5.09E-07,6.59384,0.280472,0.0223287,1.00E+31,1.00E+31,1.411095034,0.313165406,868.3054763,0.476543704
Lake Constance,QLD,372,7,0.380228137,18.41,-23.86472222,140.99,-1.48E-14,7.79405,0.258207,3.45E-08,1.00E+31,1.00E+31,1.381180369,0.238212295,708.4752687,0.411153156
Lake Cuddapan,QLD,373,4,0.234741784,17.04,-25.72555556,141.445,-8.92E-15,17.937,0.217791,1.15E-07,1.00E+31,1.00E+31,1.37375477,0.318478137,738.7688527,0.456235326
Lake Mipia Area,QLD,374,115,0.165014134,696.91,-24.87444444,139.605,2.05E-06,7.87313,0.204139,0.0327848,1.00E+31,1.00E+31,1.475345824,0.303889682,655.1314555,0.515485051
Lake Phillipi,QLD,375,9,0.055949273,160.86,-24.35555556,138.9863889,6.33E-16,5.3122,0.19903,3.00E-09,1.00E+31,1.00E+31,1.416647175,0.206425297,380.1547172,0.470278306
Lake Torquinie Area,QLD,376,14,0.091851463,152.42,-24.5,138.7166667,-4.21E-10,6.31471,0.212989,4.32906,1.00E+31,1.00E+31,1.348266444,0.182158686,359.3366473,0.340908647
Lake Yamma Yamma,QLD,377,14,0.016175995,865.48,-26.33305556,141.4330556,1.67E-05,3.55496,0.213076,0.219935,1.00E+31,1.00E+31,1.422453203,0.305424202,744.7629992,0.502197072
Moonda Lake - Shallow Lake Aggregation,QLD,378,10,0.067851812,147.38,-25.79444444,140.2888889,1.03E-14,12.8224,0.19799,0,1.00E+31,1.00E+31,1.434083701,0.339014124,719.4620082,0.474018204
Mulligan River - Wheeler Creek Junction,QLD,379,198,1.163747502,170.14,-23.91444444,138.6333333,-8.75E-13,9.71888,0.232535,4.70277,159.678,0.0273032,1.260012048,0.18259337,360.5279999,0.349689115
Muncoonie Lakes Area,QLD,380,96,0.108148298,887.67,-25,138.6777778,2.85E-12,9.98356,0.170745,6.01E-10,1.00E+31,1.00E+31,1.292719383,0.184361416,261.6626377,0.333247767
Nooyeah Downs Swamps Aggregation,QLD,381,2,0.032046146,62.41,-28,143.5,-4.40E-10,4.0184,0.328839,23.1636,1.00E+31,1.00E+31,1.436839924,0.288362761,880.8495568,0.498245411
Toko Gorge and Waterhole,QLD,382,25,10.28806584,2.43,-22.775,138.0261111,4.23E-06,52.2264,0.229925,0.146943,1.00E+31,1.00E+31,1.296024098,0.191758957,500.537871,0.365257752
Corio Bay Wetlands,QLD,383,182,2.634245187,69.09,-22.95861111,150.7530556,1.00E+31,1.44619,1.00E+31,1.00E+31,1.00E+31,1.00E+31,1.00E+31,1.00E+31,1.00E+31,1.00E+31
Dismal Swamp—Water Park Creek,QLD,384,228,22.8,10,-22.75916667,150.6811111,0.000878537,36.2916,0.872519,4.18061,1.00E+31,1.00E+31,0.846830578,0.094551817,95.55037158,0.246559857
Eungella Dam,QLD,385,15,1.882057716,7.97,-21.16888889,148.4016667,5.73E-05,81.2957,0.808286,2.29519,64.0048,0.00104815,1.049402782,0.114887137,218.1946312,0.315940722
Proserpine—Goorganga Plain,QLD,386,197,1.169070085,168.51,-20.49611111,148.6680556,0.00187666,50.8542,0.861524,40.9789,232.91,0.522234,0.913235781,0.116098801,183.3758993,0.287635628
Archer Bay Aggregation,QLD,387,270,0.902677945,299.11,-13.34722222,141.6886111,0.00243777,4.67736,0.911488,11.5095,1.00E+31,1.00E+31,1.126006217,0.160090073,129.2524765,0.277470474
Archer River Aggregation,QLD,388,283,0.188967755,1497.61,-13.54944444,142.1719444,0.00106334,9.17841,1.11062,128.791,80.9152,0.000545783,0.904526076,0.124101525,110.406977,0.256858722
Cape Flattery Dune Lakes,QLD,389,329,0.74714993,440.34,-14.97638889,145.2091667,0.00244952,11.6239,0.495302,2.68658,1.00E+31,1.00E+31,1.00E+31,1.00E+31,1.00E+31,1.00E+31
Cape Grenville Area,QLD,390,47,0.643483023,73.04,-11.98166667,143.1613889,0.00225332,10.6199,0.716385,2.41741,1.00E+31,1.00E+31,1.00E+31,1.00E+31,1.00E+31,1.00E+31
Cape Melville—Bathurst Bay,QLD,391,140,2.554744526,54.8,-14.34916667,144.4455556,0.000409949,10.7351,0.970413,0.394908,1.00E+31,1.00E+31,1.00E+31,1.00E+31,1.00E+31,1.00E+31
Harmer Creek - Shelburne Bay Aggregation,QLD,392,178,0.560612264,317.51,-11.97888889,143.0413889,0.00283922,5.95521,0.492665,5.45201,1.00E+31,1.00E+31,0.846819491,0.087533525,73.94223526,0.234829929
Jardine River Wetlands Aggregation,QLD,393,331,0.404942501,817.4,-11.03055556,142.2358333,0.00346293,2.74528,0.499982,3.56449,1.00E+31,1.00E+31,0.853648877,0.092038158,88.86567616,0.221973779
Marina Plains—Lakefield Aggregation,QLD,394,886,0.225828569,3923.33,-14.82722222,144.0761111,0.000360982,1.60298,0.968379,0.349537,109.006,0.00159876,1.090877514,0.149417359,162.2383543,0.262207674
Newcastle Bay - Escape River Estuarine Complex,QLD,395,222,0.524735859,423.07,-10.91916667,142.5816667,0.00322943,4.15078,0.460462,3.76362,1.00E+31,1.00E+31,1.00E+31,1.00E+31,1.00E+31,1.00E+31
Northern Holroyd Plain Aggregation,QLD,396,306,0.027460595,11143.24,-14.47055556,141.9116667,0.00148864,2.81213,1.01884,5.19689,1.00E+31,1.00E+31,1.01723537,0.133896298,132.5094551,0.266932924
Olive River,QLD,397,227,1.289113521,176.09,-12.11888889,143.0355556,0.00192074,6.2666,0.737115,52.8127,51.8905,0.00108841,0.822025205,0.102783782,84.11090156,0.241945643
Orford Bay - Sharp Point Dunefield Aggregation,QLD,398,105,0.609084054,172.39,-11.20166667,142.7519444,0.00196052,11.5881,1.13006,4.9135,1.00E+31,1.00E+31,0.887861719,0.118503954,88.06286929,0.241182307
Silver Plains - Nesbitt River Aggregation,QLD,399,531,1.184369006,448.34,-13.74222222,143.5088889,0.00102156,1.88889,0.959405,1.04291,1.00E+31,1.00E+31,0.735007917,0.089647489,96.28649697,0.207221491
Skardon River - Cotterell River Aggregation,QLD,400,127,0.200968446,631.94,-11.62166667,142.0816667,0.00295684,3.4754,0.576586,70.0579,59.8245,0.00107574,0.983812164,0.12192398,92.43879333,0.250892698
Somerset Dunefield Aggregation,QLD,401,238,2.940086473,80.95,-10.83916667,142.4930556,0.00258461,17.3025,0.50527,11.688,1.00E+31,1.00E+31,1.00E+31,1.00E+31,1.00E+31,1.00E+31
The Jack Lakes Aggregation,QLD,402,155,0.44217493,350.54,-14.88722222,144.5025,0.000804773,1.91339,1.05869,0.809843,93.9622,0,0.806036652,0.097287001,89.85108666,0.232330452
Violet Vale,QLD,403,32,1.687763713,18.96,-14.72583333,143.6080556,0.000461355,4.95307,1.00644,0.448104,108.92,0.0125897,1.032297319,0.13716557,148.8971559,0.27766949
Aramac Springs,QLD,404,75,18.75,4,-22.73305556,145.4330556,8.18E-07,23.5251,0.480671,0.000445617,1.00E+31,1.00E+31,1.321414433,0.18277112,722.4612986,0.357670393
Cauckingburra Swamp,QLD,405,6,0.767263427,7.82,-21.48194444,145.8772222,1.76E-05,15.1853,0.521812,0.247357,1.00E+31,1.00E+31,1.240773351,0.167676591,507.815986,0.294712044
Doongmabulla Springs,QLD,406,94,23.55889724,3.99,-22.095,146.2430556,1.99E-05,15.9699,0.450694,2.36991,1.19619,0.628836,1.263995205,0.160912366,623.4877975,0.296703844
Lake Buchanan,QLD,407,66,0.284470497,232.01,-21.62388889,145.8716667,1.70E-05,2.39163,0.498756,2.76849,146.632,0.119176,1.269579593,0.160215558,559.9326307,0.322787681
Lake Galilee,QLD,408,70,0.271549383,257.78,-22.3325,145.8230556,8.52E-06,15.5641,0.44373,0.152682,1.00E+31,1.00E+31,1.355922468,0.152853374,669.1791341,0.385153793
Balonne River Floodplain,QLD,409,280,1.166666667,240,-28.19888889,148.5222222,9.80E-05,5.49691,0.56018,92.3353,32.6829,0.0272341,1.700405353,0.191106899,815.432888,0.532414254
Blencoe Falls—Blencoe Creek,QLD,410,25,28.73563218,0.87,-18.21111111,145.5366667,0.000856516,133.129,1.16991,26.1127,8.82393,0.101624,1.00E+31,1.00E+31,1.00E+31,1.00E+31
Great Basalt Wall,QLD,411,380,0.379041026,1002.53,-19.93305556,145.5922222,1.81E-05,13.4345,0.625603,4.68383,10.8453,0.0891944,1.178493274,0.120549732,358.5486253,0.260336844
Herbert River Gorge,QLD,412,248,1.151560178,215.36,-18.31888889,145.6538889,0.000932826,152.873,1.25216,34.7313,10.1052,0.085349,0.947015031,0.104254653,232.2337538,0.313570701
Innot Hot Springs,QLD,413,8,10.25641026,0.78,-17.66777778,145.2383333,0.000127704,21.4447,0.993003,2.36111,1.38689,0.243249,0.88258058,0.071804897,131.2329478,0.194820303
Lake Lucy Wetlands,QLD,414,7,0.649350649,10.78,-18.55861111,145.2458333,2.30E-05,30.5625,0.695906,4.0887,19.2936,0.0472,1.00E+31,1.00E+31,1.00E+31,1.00E+31
Laura Sandstone,QLD,415,6,0.550458716,10.9,-15.77083333,144.2527778,0.000337741,82.7055,0.943858,0.277102,114.989,0.0151537,1.049947169,0.119653819,149.7080267,0.23298935
Minnamoolka Area,QLD,416,27,4.584040747,5.89,-18.19944444,145.1144444,4.69E-05,22.741,0.782055,0.113619,1.00E+31,1.00E+31,1.00E+31,1.00E+31,1.00E+31,1.00E+31
Poison Lake,QLD,417,1,0.127388535,7.85,-18.84166667,145.0861111,2.60E-05,49.3799,0.684741,0.0712155,1.00E+31,1.00E+31,1.180639068,0.119989219,335.8174303,0.233349948
Undara Lava Tubes,QLD,418,62,4.944178628,12.54,-18.24888889,144.5230556,0.00016675,36.1717,0.67636,0.306964,1.00E+31,1.00E+31,1.13184918,0.113717424,202.5496422,0.207725539
Valley of Lagoons,QLD,419,109,2.990397805,36.45,-18.66472222,145.0741667,1.07E-05,16.5672,0.683001,0.073006,1.00E+31,1.00E+31,1.158346014,0.118407395,314.3661795,0.248210309
Wairuna Lake,QLD,420,9,5.921052632,1.52,-18.43611111,145.3825,5.01E-05,33.3686,0.792821,2.61585,26.9672,0.0470374,1.00E+31,1.00E+31,1.00E+31,1.00E+31
Walters Plains Lake,QLD,421,4,0.258397933,15.48,-18.35388889,145.2238889,5.38E-05,34.7615,0.784158,0.110382,1.00E+31,1.00E+31,0.749598761,0.081675909,154.4694455,0.183330216
Lawn Hill Gorge,QLD,422,216,19.06443071,11.33,-18.70222222,138.4816667,5.71E-05,38.6978,0.533534,2.82777,1.00E+31,1.00E+31,1.254140387,0.1555186,337.3632442,0.277048236
Bluebush Swamp,QLD,423,1,0.113765643,8.79,-18.15972222,138.9961111,5.40E-05,4.34965,0.674883,0.0569227,1.00E+31,1.00E+31,1.429470612,0.155354116,420.4341052,0.305253501
Buffalo Lake Aggregation,QLD,424,2,0.104766894,19.09,-17.88611111,140.3047222,0.000169325,2.85572,0.754762,0.159278,1.00E+31,1.00E+31,1.385468895,0.177821426,375.4737058,0.333708014
Dorunda Lakes Area,QLD,425,27,0.397000441,68.01,-16.55555556,141.9027778,0.000223307,1.49479,0.953322,0.242274,1.00E+31,1.00E+31,1.127354802,0.152010134,159.144426,0.269641293
Lignum Swamp,QLD,426,6,2.127659574,2.82,-20.10638889,141.0555556,1.45E-05,8.19318,0.464717,0.10641,1.00E+31,1.00E+31,1.30423846,0.171784716,489.0645396,0.334116314
Marless Lagoon Aggregation,QLD,427,122,0.073049955,1670.09,-17.52666667,138.935,0.000181833,1.31437,0.679617,0.192937,1.00E+31,1.00E+31,1.028918947,0.130570361,160.3843579,0.276303638
Mitchell River Fan Aggregation,QLD,428,449,0.062807217,7148.86,-15.78305556,142.1780556,0.000544454,2.36314,1.20361,225.403,7.40993,0.00218734,1.109957562,0.149040512,156.8444488,0.283705534
Musselbrook Creek Aggregation,QLD,429,76,0.168301703,451.57,-18.29222222,138.4911111,6.08E-05,13.2435,0.715069,5.79089,139.126,0.0308218,1.122620677,0.131620208,189.5626608,0.243319031
Nicholson Delta Aggregation,QLD,430,192,0.301697046,636.4,-17.67138889,139.4247222,0.000211793,2.09163,0.865576,47.3143,129.737,0.017458,1.398114201,0.201393217,340.9579622,0.337372479
Smithburne - Gilbert Fan Aggregation,QLD,431,184,0.073505912,2503.2,-17.11027778,141.4444444,0.000163049,1.78793,0.876217,0.248761,1.00E+31,1.00E+31,1.312962402,0.180184577,298.8487426,0.289345056
Wentworth Aggregation,QLD,432,351,0.425815844,824.3,-16.96472222,138.1516667,0.000583241,1.61093,0.805226,21.6662,115.015,0.00720577,0.988436817,0.12376886,140.5996264,0.242805105
Austral Limestone Aggregation,QLD,433,22,0.031702572,693.95,-21.50222222,138.5083333,1.05E-12,3.88737,0.314635,0,1.00E+31,1.00E+31,1.358079062,0.178000907,659.737204,0.379364126
Elizabeth Springs,QLD,434,49,12.25,4,-23.33305556,140.5830556,1.97E-19,25.4549,0.25952,6.42E-07,1.00E+31,1.00E+31,1.34694247,0.205712353,664.2013494,0.392434693
Gregory River,QLD,435,188,0.705732197,266.39,-18.8725,139.0738889,1.92E-05,9.26526,0.624813,5.16495,139.22,0.0504023,1.24273887,0.144041856,363.7613549,0.284203825
Thorntonia Aggregation,QLD,436,354,0.118439014,2988.88,-19.08888889,138.4597222,0.000122018,25.5345,0.364684,2.5753,143.916,0.094668,1.333522388,0.17063725,543.0718546,0.326794498
Lake Numalla Aggregation,QLD,437,18,0.167847818,107.24,-28.74305556,144.3605556,1.04E-05,6.63849,0.230739,0.419531,1.00E+31,1.00E+31,1.429738488,0.336301035,805.5033696,0.479778672
Lake Wyara,QLD,438,49,0.813953488,60.2,-28.69944444,144.2277778,-5.35E-13,8.63914,0.292027,2.63588,1.00E+31,1.00E+31,1.359678314,0.247602254,867.8433777,0.453434324
Lakes Bindegolly and Toomaroo,QLD,439,170,1.756742792,96.77,-28.03388889,144.2077778,8.39E-06,6.07663,0.313877,4.00918,1.00E+31,1.00E+31,1.358493491,0.239716509,779.555853,0.423767407
Carbrook Wetlands Aggregation,QLD,440,19,5.775075988,3.29,-27.68111111,153.2538889,8.11E-05,6.96168,1.09985,17.0292,225.738,6.98501,1.140618387,0.084428009,122.6591364,0.467441102
Conondale Range Aggregation,QLD,441,555,27.98789713,19.83,-26.71027778,152.6066667,0.000133085,272.706,1.18044,0.200245,1.00E+31,1.00E+31,1.266039327,0.107303044,345.5040417,0.393692485
Fraser Island,QLD,442,16,0.009798278,1632.94,-25.23694444,153.1236111,0.000108365,74.1181,1.25524,0.106018,1.00E+31,1.00E+31,1.079288566,0.112489714,237.1738438,0.407216118
Lake Weyba,QLD,443,575,20.1048951,28.6,-26.44111111,153.0780556,0.0013905,13.1163,0.952753,1.21608,1.00E+31,1.00E+31,1.00E+31,1.00E+31,1.00E+31,1.00E+31
Moreton Bay,QLD,444,1641,0.54667746,3001.77,-27.33361111,153.2930556,1.00E+31,0.0617719,1.00E+31,1.00E+31,1.00E+31,1.00E+31,1.00E+31,1.00E+31,1.00E+31,1.00E+31
Noosa River Wetlands,QLD,445,929,9.341377577,99.45,-26.27,153.02,0.000450196,4.18396,1.27564,2.11866,83.4682,0.572015,0.976523089,0.080785263,141.9520812,0.393802742
Alexandra Palm Forest,QLD,446,17,11.64383562,1.46,-17.28027778,145.9463889,0.00531832,70.2474,0.866856,5.38378,1.00E+31,1.00E+31,1.00E+31,1.00E+31,1.00E+31,1.00E+31
Birthday Creek,QLD,447,14,32.55813953,0.43,-18.98833333,146.1722222,0.00146981,260.069,1.01824,2.08571,103.697,0.000545322,0.826871017,0.089585567,203.2302759,0.207912178
Bambaroo Coastal Aggregation,QLD,448,6,0.111940299,53.6,-18.86722222,146.2541667,1.00E+31,1.70308,1.00E+31,1.00E+31,1.00E+31,1.00E+31,1.00E+31,1.00E+31,1.00E+31,1.00E+31
Bromfield Swamp,QLD,449,25,39.68253968,0.63,-17.37888889,145.5408333,0.00170035,26.0963,1.42146,3.90128,17.1593,0.150982,0.991672847,0.075329099,173.2854857,0.355739565
Cowley Area,QLD,450,108,1.294343241,83.44,-17.65527778,146.1027778,0.00551256,7.89131,0.765169,6.2607,1.00E+31,1.00E+31,1.00E+31,1.00E+31,1.00E+31,1.00E+31
Edmund Kennedy Wetlands,QLD,451,818,7.380673103,110.83,-18.07583333,146.0063889,0.00145894,2.12125,1.50608,102.252,18.0943,0.055871,1.00E+31,1.00E+31,1.00E+31,1.00E+31
Ella Bay Swamp,QLD,452,4,0.30418251,13.15,-17.42083333,146.0527778,0.00840278,31.1091,0.683155,22.9872,12.3578,0.105788,1.00E+31,1.00E+31,1.00E+31,1.00E+31
Eubenangee—Alice River,QLD,453,131,6.579608237,19.91,-17.42972222,145.9769444,0.00428212,17.7041,1.20691,4.47214,1.00E+31,1.00E+31,1.00E+31,1.00E+31,1.00E+31,1.00E+31
Herbert River Floodplain,QLD,454,317,0.712423589,444.96,-18.75416667,146.2411111,0.00207896,2.8561,0.902145,4.88247,1.00E+31,1.00E+31,1.250123291,0.09935731,119.8725072,0.501977455
Hilda Creek Headwater,QLD,455,3,60,0.05,-16.16388889,145.3677778,0.002505,239.915,1.28579,2.58064,139.068,0.0276277,0.718828305,0.067671542,90.31360451,0.232460878
Innisfail Area,QLD,456,270,22.13114754,12.2,-17.57055556,146.0638889,0.00382024,7.18927,1.21068,167.227,18.5632,0.0792663,1.00E+31,1.00E+31,1.00E+31,1.00E+31
Kurrimine Area,QLD,457,47,6.233421751,7.54,-17.78777778,146.0852778,1.00E+31,2.68809,1.00E+31,1.00E+31,1.00E+31,1.00E+31,1.00E+31,1.00E+31,1.00E+31,1.00E+31
Lake Barrine,QLD,458,109,110.1010101,0.99,-17.25083333,145.6355556,0.00220392,25.1952,1.28764,32.5725,14.3331,0.00210385,0.940799019,0.088305946,112.3187336,0.359095326
Lake Eacham,QLD,459,65,151.1627907,0.43,-17.28583333,145.6247222,0.00220392,25.1952,1.28764,32.5725,14.3331,0.00210385,1.00E+31,1.00E+31,1.00E+31,1.00E+31
Licuala Palm Forest,QLD,460,69,29.74137931,2.32,-17.91416667,146.0708333,0.00546454,37.1297,0.956381,5.69965,1.00E+31,1.00E+31,1.00E+31,1.00E+31,1.00E+31,1.00E+31
Lower Daintree River,QLD,461,298,5.648218347,52.76,-16.28694444,145.42,0.00169787,13.8867,1.67138,73.7863,117.568,0.0583892,0.863688738,0.07227513,140.2312421,0.2700003
Missionary Bay,QLD,462,139,12.31178034,11.29,-18.27194444,146.235,0.00149613,57.9432,1.44334,1.61018,1.00E+31,1.00E+31,1.00E+31,1.00E+31,1.00E+31,1.00E+31
Nandroya Falls,QLD,463,1,5.263157895,0.19,-17.59583333,145.7625,0.00242622,113.045,1.05026,22.8882,8.7497,0.00831057,0.795686474,0.096069677,97.19166381,0.244662083
Russell River,QLD,464,109,4.585612116,23.77,-17.23222222,145.9486111,0.00446819,27.5481,0.875641,62.1156,5.26309,0.20654,1.00E+31,1.00E+31,1.00E+31,1.00E+31
Russell River Rapids,QLD,465,26,11.06382979,2.35,-17.45722222,145.8227778,0.00432345,132.229,0.882658,5.21903,3.92778,0.00813306,1.00E+31,1.00E+31,1.00E+31,1.00E+31
Sunday Creek Broad-leaved Paperbark Site,QLD,466,12,30.76923077,0.39,-18.5,146.1833333,0.00141308,23.8849,1.29984,1.41777,1.00E+31,1.00E+31,1.00E+31,1.00E+31,1.00E+31,1.00E+31
Tully River - Murray River Floodplains,QLD,467,474,1.210604281,391.54,-18.01916667,145.8713889,0.000905098,3.07349,1.36042,5.34449,24.5043,0.12116,1.00E+31,1.00E+31,1.00E+31,1.00E+31
West Mulgrave Falls,QLD,468,8,114.2857143,0.07,-17.36111111,145.7855556,0.00473727,224.49,0.849028,5.36097,3.97212,0.00472605,1.00E+31,1.00E+31,1.00E+31,1.00E+31
Wyvuri Swamp,QLD,469,199,13.33780161,14.92,-17.345,145.9986111,0.00496629,10.9656,1.03563,8.69459,9.10848,0.650973,1.00E+31,1.00E+31,1.00E+31,1.00E+31
Yuccabine Creek,QLD,470,3,0.56710775,5.29,-18.19277778,145.7761111,0.0012249,206.517,1.0953,1.82845,17.5549,0.00161024,0.884825912,0.075525292,129.9736618,0.267004971
Zillie Falls,QLD,471,29,181.25,0.16,-17.47666667,145.6547222,0.00325891,37.6659,0.882633,18.9615,10.8266,0.0928614,1.00E+31,1.00E+31,1.00E+31,1.00E+31
Wyandra-Cunnamulla Claypans Aggregation,QLD,472,10,0.033333333,300,-27.5,146.5,4.29E-06,9.15516,0.426281,0.00312459,1.00E+31,1.00E+31,1.345110452,0.283705265,727.3041424,0.437109381
Quilpie (Bulloo River Floodplain) Waterholes,QLD,473,3,10,0.3,-26.5,144.3,5.66E-13,4.61995,0.374127,16.6356,1.00E+31,1.00E+31,1.376240683,0.256962382,838.1580934,0.451505485
Lake Dartmouth Area,QLD,474,20,0.2,100,-26.05,145.3333333,1.20E-05,9.61693,0.429117,0.638998,1.00E+31,1.00E+31,1.30353355,0.166256203,719.4086937,0.378387954
Warrego River Distributary System,QLD,475,42,0.35,120,-28.56666667,145.7166667,-1.93E-11,4.16643,0.424743,47.4199,1.00E+31,1.00E+31,1.36410554,0.206288547,803.928717,0.408944022
Warrego River Waterholes (Charleville-Wyandra,QLD,476,4,0.8,5,-27,145.95,2.45E-05,4.86816,0.434011,41.8888,22.6874,0.0517633,1.366722617,0.217107461,792.7201251,0.399811105
"""Myola""-""Mulga Downs"" Salt Lake and Claypans",QLD,477,11,0.1375,80,-28.76666667,146.95,9.30E-07,8.95251,0.319321,0.164828,1.00E+31,1.00E+31,1.367769533,0.232466595,729.8818154,0.439338722
“Murrawondah” Lakes,QLD,478,11,0.44,25,-28.08333333,146.0666667,4.07E-06,8.53122,0.323758,0.10667,1.00E+31,1.00E+31,1.337574905,0.197409368,777.0183435,0.404816454
"Paroo River Waterholes (""Caiwarro"" Area)",QLD,479,144,576,0.25,-28.7,144.7666667,1.09E-06,5.30537,0.227327,0.161921,1.00E+31,1.00E+31,1.433590747,0.333972857,903.0331879,0.513594123
Eulo Artesian Springs Supergroup,QLD,480,9,30,0.3,-28.23333333,144.8,8.18E-06,11.3759,0.245892,0.233623,1.00E+31,1.00E+31,1.442729654,0.318422761,885.3122014,0.504480815
Greenbank Army Training Area,QLD,481,273,5.852090032,46.65,-27.670943,152.97422,7.81E-06,23.6045,0.805248,0.0512329,1.00E+31,1.00E+31,1.428623656,0.135170554,351.4885267,0.55318729
RAAF Townsville,QLD,482,442,147.3333333,3,-192.46687,146.757314,1.00E+31,1.00E+31,1.00E+31,1.00E+31,1.00E+31,1.00E+31,1.00E+31,1.00E+31,1.00E+31,1.00E+31
